ranker,player,nationality,position,team,age,birth_year,minutes_90s,tackles,tackles_won,tackles_def_3rd,tackles_mid_3rd,tackles_att_3rd,challenge_tackles,challenges,challenge_tackles_pct,challenges_lost,blocks,blocked_shots,blocked_passes,interceptions,tackles_interceptions,clearances,errors,matches
1,Kerry Abello,usUSA,MF,Orlando Pride,23,1999,14.0,,23,,,,,,,,,,,4,,,,Matches
2,Adriana,brBRA,"MF,FW",Orlando Pride,26,1996,18.3,,17,,,,,,,,,,,9,,,,Matches
3,Jillienne Aguilera,prPUR,DF,Red Stars,25,1998,2.1,,0,,,,,,,,,,,2,,,,Matches
4,Amirah Ali,usUSA,"FW,MF",SD Wave,24,1998,5.1,,8,,,,,,,,,,,0,,,,Matches
5,Amanda Allen,caCAN,FW,Orlando Pride,17,2005,0.1,,0,,,,,,,,,,,0,,,,Matches
6,Michelle Alozie,ngNGA,"FW,DF",Houston Dash,25,1997,11.2,,8,,,,,,,,,,,8,,,,Matches
7,Angelina Anderson,usUSA,GK,Angel City FC,21,2001,4.0,,0,,,,,,,,,,,0,,,,Matches
8,Joelle Anderson,usUSA,MF,Houston Dash,24,1998,12.0,,21,,,,,,,,,,,10,,,,Matches
9,Andressa,brBRA,MF,Houston Dash,30,1992,3.4,,4,,,,,,,,,,,1,,,,Matches
10,Angelina,brBRA,MF,Reign,23,2000,0.4,,2,,,,,,,,,,,0,,,,Matches
11,Ary Borges,brBRA,MF,Racing Louisville,23,1999,16.2,,19,,,,,,,,,,,17,,,,Matches
12,Olivia Athens,usUSA,MF,Reign,23,1999,1.4,,3,,,,,,,,,,,0,,,,Matches
13,Taylor Aylmer,usUSA,MF,Racing Louisville,24,1998,1.0,,2,,,,,,,,,,,4,,,,Matches
14,Jordan Baggett,usUSA,MF,Racing Louisville,26,1996,2.8,,2,,,,,,,,,,,2,,,,Matches
15,Jordan Baggett,usUSA,MF,Washington Spirit,26,1996,0.0,,0,,,,,,,,,,,0,,,,Matches
16,Dorian Bailey,usUSA,DF,Washington Spirit,26,1997,14.2,,21,,,,,,,,,,,16,,,,Matches
17,Elizabeth Ball,usUSA,DF,Current,27,1995,10.7,,7,,,,,,,,,,,13,,,,Matches
18,Stine Ballisager Pedersen,dkDEN,DF,Current,29,1994,2.5,,3,,,,,,,,,,,1,,,,Matches
19,Melanie Barcenas,usUSA,FW,SD Wave,15,2007,1.4,,4,,,,,,,,,,,0,,,,Matches
20,Lauren Barnes,usUSA,DF,Reign,33,1989,21.4,,28,,,,,,,,,,,40,,,,Matches
21,Nicole Barnhart,usUSA,GK,Washington Spirit,41,1981,2.0,,0,,,,,,,,,,,0,,,,Matches
22,Natalie Beckman,usUSA,FW,Portland Thorns,22,2000,0.1,,0,,,,,,,,,,,0,,,,Matches
23,Elyse Bennett,usUSA,"FW,MF",Reign,23,1999,7.7,,5,,,,,,,,,,,2,,,,Matches
24,Malia Berkely,usUSA,DF,NC Courage,24,1998,16.8,,10,,,,,,,,,,,16,,,,Matches
25,Hannah Betfort,usUSA,FW,Portland Thorns,24,1999,5.3,,1,,,,,,,,,,,1,,,,Matches
26,Camryn Biegalski,usUSA,MF,Washington Spirit,24,1998,3.1,,2,,,,,,,,,,,2,,,,Matches
27,Jenna Bike,usUSA,MF,Red Stars,24,1998,4.8,,7,,,,,,,,,,,7,,,,Matches
28,Bella Bixby,usUSA,GK,Portland Thorns,27,1995,21.0,,0,,,,,,,,,,,0,,,,Matches
29,Lynn Biyendolo,usUSA,"FW,MF",Gotham FC,29,1993,18.4,,26,,,,,,,,,,,20,,,,Matches
30,Tess Boade,usUSA,FW,NC Courage,23,1999,8.0,,6,,,,,,,,,,,1,,,,Matches
31,Bethany Bos,usUSA,"MF,FW",Reign,25,1997,15.6,,23,,,,,,,,,,,11,,,,Matches
32,Emily Boyd,usUSA,GK,Red Stars,26,1996,2.0,,0,,,,,,,,,,,1,,,,Matches
33,Isabella Briede,usUSA,MF,SD Wave,24,1998,2.8,,2,,,,,,,,,,,3,,,,Matches
34,Messiah Bright,usUSA,FW,Orlando Pride,23,2000,15.2,,12,,,,,,,,,,,2,,,,Matches
35,Amber Brooks,usUSA,"DF,MF",Washington Spirit,32,1991,6.8,,2,,,,,,,,,,,3,,,,Matches
36,Ryanne Brown,usUSA,DF,Reign,24,1999,3.7,,8,,,,,,,,,,,7,,,,Matches
37,Bruninha,brBRA,DF,Gotham FC,20,2002,15.4,,24,,,,,,,,,,,23,,,,Matches
38,Haley Bugeja,mtMLT,FW,Orlando Pride,18,2004,0.3,,2,,,,,,,,,,,0,,,,Matches
39,Anaïg Butel,frFRA,DF,Washington Spirit,30,1992,5.1,,6,,,,,,,,,,,7,,,,Matches
40,Scarlett Camberos,mxMEX,MF,Angel City FC,22,2000,10.1,,13,,,,,,,,,,,7,,,,Matches
41,Jane Campbell,usUSA,GK,Houston Dash,27,1995,22.0,,0,,,,,,,,,,,0,,,,Matches
42,Marley Canales,usUSA,MF,Reign,25,1997,0.0,,0,,,,,,,,,,,0,,,,Matches
43,Gabrielle Carle,caCAN,DF,Washington Spirit,24,1998,21.1,,29,,,,,,,,,,,42,,,,Matches
44,Kyra Carusa,ieIRL,"FW,MF",SD Wave,27,1995,3.8,,3,,,,,,,,,,,2,,,,Matches
45,Allysha Chapman,caCAN,DF,Houston Dash,34,1989,11.4,,23,,,,,,,,,,,25,,,,Matches
46,Simone Charley,usUSA,FW,Angel City FC,27,1995,0.6,,1,,,,,,,,,,,0,,,,Matches
47,Alex Chidiac,auAUS,MF,Racing Louisville,24,1999,1.6,,1,,,,,,,,,,,1,,,,Matches
48,Rylan Childers,,MF,Current,,,0.2,,1,,,,,,,,,,,1,,,,Matches
49,Mikayla Cluff,usUSA,MF,Orlando Pride,23,1999,16.8,,41,,,,,,,,,,,24,,,,Matches
50,Sam Coffey,usUSA,MF,Portland Thorns,24,1998,21.8,,48,,,,,,,,,,,33,,,,Matches
51,Danielle Colaprico,usUSA,MF,SD Wave,29,1993,19.2,,22,,,,,,,,,,,41,,,,Matches
52,Kaylie Collins,usUSA,GK,Orlando Pride,24,1998,1.0,,0,,,,,,,,,,,0,,,,Matches
53,Sydney Collins,caCAN,DF,NC Courage,23,1999,2.2,,9,,,,,,,,,,,5,,,,Matches
54,Shea Connors,usUSA,FW,SD Wave,26,1996,0.0,,0,,,,,,,,,,,0,,,,Matches
55,Alana Cook,usUSA,DF,Reign,25,1997,17.5,,17,,,,,,,,,,,40,,,,Matches
56,Ava Cook,usUSA,"MF,FW",Red Stars,22,2000,10.7,,14,,,,,,,,,,,10,,,,Matches
57,Michelle Cooper,usUSA,"MF,FW",Current,20,2002,18.1,,24,,,,,,,,,,,11,,,,Matches
58,Chai Cortez,usUSA,DF,SD Wave,24,1998,0.7,,1,,,,,,,,,,,0,,,,Matches
59,Caitlin Cosme,prPUR,DF,Orlando Pride,24,1999,4.0,,2,,,,,,,,,,,3,,,,Matches
60,Chardonnay Curran,usUSA,MF,Current,23,1999,3.4,,1,,,,,,,,,,,5,,,,Matches
61,Izzy D'Aquila,usUSA,FW,Portland Thorns,21,2001,3.8,,2,,,,,,,,,,,1,,,,Matches
62,Abby Dahlkemper,usUSA,DF,SD Wave,29,1993,5.0,,2,,,,,,,,,,,5,,,,Matches
63,Tierna Davidson,usUSA,DF,Red Stars,24,1998,17.9,,19,,,,,,,,,,,19,,,,Matches
64,Kirsten Davis,usUSA,FW,Racing Louisville,24,1998,13.4,,4,,,,,,,,,,,5,,,,Matches
65,Debinha,brBRA,"MF,FW",Current,31,1991,16.9,,14,,,,,,,,,,,6,,,,Matches
66,Kate Del Fava,usUSA,"DF,MF",Current,24,1998,20.3,,21,,,,,,,,,,,30,,,,Matches
67,Cece Delzer,usUSA,"MF,FW",Current,25,1997,16.2,,20,,,,,,,,,,,9,,,,Matches
68,Savannah Demelo,usUSA,"MF,FW",Racing Louisville,24,1998,17.6,,19,,,,,,,,,,,12,,,,Matches
69,Madelyn Desiano,usUSA,DF,Houston Dash,22,2000,0.3,,1,,,,,,,,,,,0,,,,Matches
70,Vanessa DiBernardo,usUSA,MF,Current,30,1992,10.7,,12,,,,,,,,,,,21,,,,Matches
71,Claudia Dickey,usUSA,GK,Reign,23,2000,6.0,,0,,,,,,,,,,,0,,,,Matches
72,Marisa DiGrande,usUSA,MF,Houston Dash,25,1997,15.0,,15,,,,,,,,,,,16,,,,Matches
73,Makenzy Doniak,usUSA,"MF,FW",SD Wave,28,1994,12.5,,12,,,,,,,,,,,9,,,,Matches
74,Meggie Dougherty Howard,usUSA,MF,SD Wave,27,1995,6.4,,7,,,,,,,,,,,6,,,,Matches
75,Nicole Douglas,engENG,MF,Washington Spirit,22,2000,1.8,,4,,,,,,,,,,,0,,,,Matches
76,Julie Doyle,usUSA,"MF,FW",Orlando Pride,24,1998,9.2,,6,,,,,,,,,,,1,,,,Matches
77,Crystal Dunn,usUSA,MF,Portland Thorns,30,1992,14.5,,23,,,,,,,,,,,19,,,,Matches
78,Caprice Dydasco,usUSA,"DF,MF",Houston Dash,29,1993,21.9,,39,,,,,,,,,,,48,,,,Matches
79,Elizabeth Eddy,usUSA,MF,Angel City FC,31,1991,0.6,,0,,,,,,,,,,,1,,,,Matches
80,Kristen Edmonds,usUSA,DF,Gotham FC,35,1987,11.5,,10,,,,,,,,,,,13,,,,Matches
81,Emily van Egmond,auAUS,MF,SD Wave,29,1993,8.5,,11,,,,,,,,,,,8,,,,Matches
82,Emina Ekic,usUSA,MF,Racing Louisville,23,1999,0.1,,0,,,,,,,,,,,0,,,,Matches
83,Madison Elwell,usUSA,MF,Washington Spirit,23,1999,1.5,,5,,,,,,,,,,,2,,,,Matches
84,Claire Emslie,sctSCO,"MF,FW",Angel City FC,28,1994,14.1,,15,,,,,,,,,,,3,,,,Matches
85,Jun Endō,jpJPN,"MF,FW",Angel City FC,22,2000,10.1,,12,,,,,,,,,,,9,,,,Matches
86,Sierra Enge,usUSA,"MF,DF",SD Wave,22,2000,7.8,,6,,,,,,,,,,,7,,,,Matches
87,Abby Erceg,nzNZL,DF,Racing Louisville,33,1989,22.0,,11,,,,,,,,,,,35,,,,Matches
88,Julie Ertz,usUSA,MF,Angel City FC,30,1992,6.3,,5,,,,,,,,,,,9,,,,Matches
89,Sinead Farrelly,ieIRL,MF,Gotham FC,33,1989,9.1,,19,,,,,,,,,,,8,,,,Matches
90,Millie Farrow,engENG,FW,NC Courage,26,1996,0.5,,1,,,,,,,,,,,0,,,,Matches
91,Bayley Feist,usUSA,"MF,FW",Washington Spirit,25,1997,2.0,,7,,,,,,,,,,,0,,,,Matches
92,Sami Feller,,MF,Red Stars,22,2000,0.1,,0,,,,,,,,,,,0,,,,Matches
93,Kayla Fischer,usUSA,MF,Racing Louisville,23,2000,5.1,,12,,,,,,,,,,,5,,,,Matches
94,Samantha Fisher,svSLV,MF,Red Stars,23,1999,1.7,,2,,,,,,,,,,,4,,,,Matches
95,Jess Fishlock,wlsWAL,MF,Reign,36,1987,14.4,,10,,,,,,,,,,,7,,,,Matches
96,Taylor Flint,usUSA,"MF,FW",SD Wave,24,1998,7.6,,14,,,,,,,,,,,14,,,,Matches
97,Sabrina Flores,usUSA,DF,Gotham FC,27,1996,0.0,,0,,,,,,,,,,,0,,,,Matches
98,Emily Fox,usUSA,DF,NC Courage,24,1998,17.2,,13,,,,,,,,,,,25,,,,Matches
99,Adrianna Franch,usUSA,GK,Current,32,1990,12.0,,1,,,,,,,,,,,0,,,,Matches
100,Mandy Freeman,usUSA,DF,Gotham FC,27,1995,5.7,,4,,,,,,,,,,,8,,,,Matches
101,Ryan Gareis,usUSA,FW,Houston Dash,24,1998,4.0,,2,,,,,,,,,,,1,,,,Matches
102,Morgan Gautrat,usUSA,MF,Current,29,1993,2.6,,3,,,,,,,,,,,5,,,,Matches
103,Mille Gejl,dkDEN,"MF,FW",NC Courage,23,1999,5.5,,6,,,,,,,,,,,7,,,,Matches
104,Naomi Girma,usUSA,DF,SD Wave,22,2000,19.0,,16,,,,,,,,,,,22,,,,Matches
105,Parker Goins,usUSA,MF,Racing Louisville,24,1998,1.5,,1,,,,,,,,,,,0,,,,Matches
106,Esther González,esESP,"FW,MF",Gotham FC,30,1992,3.8,,4,,,,,,,,,,,0,,,,Matches
107,Sarah Gorden,usUSA,DF,Angel City FC,30,1992,22.0,,13,,,,,,,,,,,24,,,,Matches
108,Sarah Griffith,usUSA,MF,Red Stars,23,1999,2.9,,4,,,,,,,,,,,1,,,,Matches
109,Shea Groom,usUSA,"FW,MF",Houston Dash,29,1993,0.1,,0,,,,,,,,,,,0,,,,Matches
110,Mia Gyau,usUSA,DF,SD Wave,24,1998,0.0,,0,,,,,,,,,,,0,,,,Matches
111,Kristen Hamilton,usUSA,FW,Current,30,1992,9.5,,1,,,,,,,,,,,1,,,,Matches
112,Madison Hammond,usUSA,"MF,DF",Angel City FC,25,1997,13.3,,19,,,,,,,,,,,14,,,,Matches
113,DiDi Haracic,baBIH,GK,Angel City FC,30,1992,18.0,,0,,,,,,,,,,,0,,,,Matches
114,Jyllissa Harris,usUSA,DF,Houston Dash,22,2000,0.1,,0,,,,,,,,,,,0,,,,Matches
115,Ashley Hatch,usUSA,"FW,MF",Washington Spirit,27,1995,20.3,,7,,,,,,,,,,,2,,,,Matches
116,Kelcie Hedge,usUSA,MF,Houston Dash,25,1997,0.0,,0,,,,,,,,,,,0,,,,Matches
117,Amandine Henry,frFRA,MF,Angel City FC,33,1989,3.5,,7,,,,,,,,,,,8,,,,Matches
118,Samantha Hiatt,usUSA,DF,Reign,25,1998,15.4,,16,,,,,,,,,,,15,,,,Matches
119,Rachel Hill,usUSA,"MF,FW",SD Wave,27,1995,11.9,,22,,,,,,,,,,,10,,,,Matches
120,Sophie Hirst,usUSA,MF,Houston Dash,22,2000,7.0,,9,,,,,,,,,,,11,,,,Matches
121,Penelope Hocking,usUSA,MF,Red Stars,23,1999,13.1,,10,,,,,,,,,,,2,,,,Matches
122,Shelby Hogan,usUSA,GK,Portland Thorns,24,1998,1.0,,0,,,,,,,,,,,0,,,,Matches
123,Rebecca Holloway,nirNIR,DF,Racing Louisville,27,1995,6.4,,7,,,,,,,,,,,8,,,,Matches
124,Shae Holmes,usUSA,DF,Reign,22,2000,2.5,,2,,,,,,,,,,,2,,,,Matches
125,Haley Hopkins,usUSA,"MF,FW",NC Courage,24,1998,4.8,,4,,,,,,,,,,,1,,,,Matches
126,Jaelin Howell,usUSA,MF,Racing Louisville,23,1999,14.5,,40,,,,,,,,,,,34,,,,Matches
127,Kelli Hubly,usUSA,DF,Portland Thorns,28,1994,17.3,,24,,,,,,,,,,,17,,,,Matches
128,Sofia Huerta,usUSA,DF,Reign,30,1992,16.2,,18,,,,,,,,,,,17,,,,Matches
129,Jordyn Huitema,caCAN,"FW,MF",Reign,21,2001,15.7,,7,,,,,,,,,,,4,,,,Matches
130,Tori Huster,usUSA,"DF,MF",Washington Spirit,33,1989,0.2,,0,,,,,,,,,,,2,,,,Matches
131,Natalie Jacobs,usUSA,DF,Houston Dash,25,1997,19.2,,6,,,,,,,,,,,25,,,,Matches
132,Sofia Jakobsson,seSWE,MF,SD Wave,32,1990,9.4,,10,,,,,,,,,,,8,,,,Matches
133,Inès Jaurena,frFRA,MF,Washington Spirit,31,1991,10.1,,13,,,,,,,,,,,13,,,,Matches
134,Ellie Jean,usUSA,DF,Gotham FC,26,1997,10.6,,9,,,,,,,,,,,8,,,,Matches
135,Lindsi Jennings,,DF,Houston Dash,,,0.3,,0,,,,,,,,,,,0,,,,Matches
136,Celia Jiménez,esESP,DF,Orlando Pride,27,1995,2.2,,3,,,,,,,,,,,4,,,,Matches
137,Katie Johnson,mxMEX,FW,Angel City FC,28,1994,8.0,,7,,,,,,,,,,,1,,,,Matches
138,Júlia,brBRA,MF,Red Stars,25,1997,14.8,,28,,,,,,,,,,,21,,,,Matches
139,Uchenna Kanu,ngNGA,FW,Racing Louisville,25,1997,5.5,,7,,,,,,,,,,,4,,,,Matches
140,Nahomi Kawasumi,jpJPN,"FW,MF",Gotham FC,37,1985,0.3,,0,,,,,,,,,,,0,,,,Matches
141,Kerolin,brBRA,"MF,FW",NC Courage,23,1999,18.4,,10,,,,,,,,,,,8,,,,Matches
142,Thembi Kgatlana,zaRSA,"FW,MF",Racing Louisville,26,1996,8.2,,7,,,,,,,,,,,6,,,,Matches
143,Tziarra King,usUSA,"MF,FW",Reign,24,1998,7.3,,12,,,,,,,,,,,10,,,,Matches
144,Aubrey Kingsbury,usUSA,GK,Washington Spirit,31,1991,20.0,,1,,,,,,,,,,,0,,,,Matches
145,Meghan Klingenberg,usUSA,DF,Portland Thorns,34,1988,18.3,,15,,,,,,,,,,,19,,,,Matches
146,Amanda Kowalski,usUSA,DF,Red Stars,24,1998,0.6,,5,,,,,,,,,,,1,,,,Matches
147,Ali Krieger,usUSA,DF,Gotham FC,38,1984,14.8,,11,,,,,,,,,,,28,,,,Matches
148,Casey Krueger,usUSA,DF,Red Stars,32,1990,19.0,,20,,,,,,,,,,,13,,,,Matches
149,Civana Kuhlmann,usUSA,FW,Washington Spirit,23,1999,0.8,,4,,,,,,,,,,,0,,,,Matches
150,Natalia Kuikka,fiFIN,DF,Portland Thorns,27,1995,19.9,,36,,,,,,,,,,,28,,,,Matches
151,Kaleigh Kurtz,usUSA,DF,NC Courage,25,1997,22.0,,23,,,,,,,,,,,11,,,,Matches
152,Lo'eau LaBonta,usUSA,MF,Current,29,1993,16.1,,21,,,,,,,,,,,15,,,,Matches
153,Mariana Larroquette,arARG,FW,Orlando Pride,30,1992,1.0,,1,,,,,,,,,,,0,,,,Matches
154,Mimmi Larsson,seSWE,"FW,MF",Current,28,1994,6.6,,3,,,,,,,,,,,1,,,,Matches
155,Veronica Latsko,usUSA,MF,Reign,27,1995,11.7,,17,,,,,,,,,,,12,,,,Matches
156,Lauren,brBRA,DF,Current,20,2002,1.0,,0,,,,,,,,,,,0,,,,Matches
157,Rose Lavelle,usUSA,MF,Reign,27,1995,3.9,,2,,,,,,,,,,,6,,,,Matches
158,Claire Lavogez,frFRA,"FW,MF",Current,28,1994,0.6,,2,,,,,,,,,,,1,,,,Matches
159,Clarisse Le Bihan,frFRA,"FW,MF",Angel City FC,28,1994,7.6,,12,,,,,,,,,,,6,,,,Matches
160,Adriana Leon,caCAN,"FW,MF",Portland Thorns,30,1992,0.9,,2,,,,,,,,,,,0,,,,Matches
161,Sydney Leroux,usUSA,FW,Angel City FC,32,1990,5.8,,1,,,,,,,,,,,1,,,,Matches
162,Julia Lester,usUSA,DF,Racing Louisville,25,1998,12.4,,6,,,,,,,,,,,23,,,,Matches
163,Katie Lind,usUSA,DF,Houston Dash,28,1994,15.8,,12,,,,,,,,,,,19,,,,Matches
164,Jordyn Listro,caCAN,MF,Orlando Pride,27,1995,6.2,,10,,,,,,,,,,,3,,,,Matches
165,Alex Loera,usUSA,MF,Current,23,1999,8.8,,12,,,,,,,,,,,12,,,,Matches
166,Allie Long,usUSA,MF,Gotham FC,35,1987,14.0,,11,,,,,,,,,,,16,,,,Matches
167,Maitane López Millán,esESP,"DF,MF",Gotham FC,27,1995,7.1,,13,,,,,,,,,,,16,,,,Matches
168,Katie Lund,usUSA,GK,Racing Louisville,26,1996,22.0,,0,,,,,,,,,,,0,,,,Matches
169,Tyler Lussi,usUSA,"MF,FW",NC Courage,28,1995,12.9,,10,,,,,,,,,,,15,,,,Matches
170,Hailie Mace,usUSA,"DF,MF",Current,25,1997,15.9,,21,,,,,,,,,,,31,,,,Matches
171,Rikke Madsen,dkDEN,FW,NC Courage,25,1997,7.5,,6,,,,,,,,,,,3,,,,Matches
172,Taylor Malham,usUSA,DF,Red Stars,23,1999,2.4,,1,,,,,,,,,,,0,,,,Matches
173,Alyssa Malonson,usUSA,DF,Reign,23,1999,0.6,,0,,,,,,,,,,,3,,,,Matches
174,Marta,brBRA,"MF,FW",Orlando Pride,36,1986,16.0,,15,,,,,,,,,,,15,,,,Matches
175,Nealy Martin,usUSA,MF,Gotham FC,24,1998,11.8,,17,,,,,,,,,,,20,,,,Matches
176,Brianna Martinez,usUSA,DF,Orlando Pride,22,2000,0.6,,2,,,,,,,,,,,4,,,,Matches
177,Manaka Matsukubo,jpJPN,MF,NC Courage,18,2004,5.3,,6,,,,,,,,,,,1,,,,Matches
178,Cheyna Matthews,jmJAM,"MF,FW",Red Stars,29,1993,4.4,,8,,,,,,,,,,,4,,,,Matches
179,Addie McCain,usUSA,MF,Red Stars,23,1999,0.0,,0,,,,,,,,,,,0,,,,Matches
180,Savannah McCaskill,usUSA,"MF,FW",Angel City FC,26,1996,20.7,,18,,,,,,,,,,,4,,,,Matches
181,Phoebe McClernon,usUSA,DF,Reign,25,1997,7.8,,18,,,,,,,,,,,19,,,,Matches
182,Haley McCutcheon,usUSA,DF,Orlando Pride,26,1996,21.7,,34,,,,,,,,,,,25,,,,Matches
183,Jessica McDonald,usUSA,"FW,MF",Racing Louisville,34,1988,2.8,,1,,,,,,,,,,,0,,,,Matches
184,Amanda McGlynn,usUSA,GK,Gotham FC,24,1998,7.0,,0,,,,,,,,,,,0,,,,Matches
185,Tara McKeown,usUSA,DF,Washington Spirit,23,1999,20.3,,15,,,,,,,,,,,36,,,,Matches
186,Kristen McNabb,usUSA,DF,SD Wave,28,1994,12.9,,14,,,,,,,,,,,16,,,,Matches
187,Emily Menges,usUSA,DF,Portland Thorns,30,1992,15.5,,16,,,,,,,,,,,20,,,,Matches
188,Addisyn Merrick,usUSA,DF,Current,24,1998,7.9,,10,,,,,,,,,,,12,,,,Matches
189,Paige Metayer,usUSA,MF,Washington Spirit,22,2000,20.5,,25,,,,,,,,,,,19,,,,Matches
190,Kristie Mewis,usUSA,MF,Gotham FC,31,1991,11.7,,10,,,,,,,,,,,9,,,,Matches
191,Tatumn Milazzo,usUSA,DF,Red Stars,24,1998,19.8,,32,,,,,,,,,,,29,,,,Matches
192,Cassie Miller,usUSA,GK,Current,27,1995,10.0,,0,,,,,,,,,,,0,,,,Matches
193,Lauren Milliet,usUSA,DF,Racing Louisville,26,1996,22.0,,34,,,,,,,,,,,41,,,,Matches
194,Narumi Miura,jpJPN,MF,NC Courage,25,1997,21.4,,37,,,,,,,,,,,22,,,,Matches
195,Paige Monaghan,usUSA,"FW,MF",Racing Louisville,26,1996,12.8,,11,,,,,,,,,,,13,,,,Matches
196,Anna Moorhouse,engENG,GK,Orlando Pride,27,1995,18.0,,0,,,,,,,,,,,0,,,,Matches
197,Alex Morgan,usUSA,FW,SD Wave,33,1989,17.1,,11,,,,,,,,,,,12,,,,Matches
198,Olivia Moultrie,usUSA,MF,Portland Thorns,17,2005,12.1,,18,,,,,,,,,,,6,,,,Matches
199,Casey Murphy,usUSA,GK,NC Courage,26,1996,20.0,,0,,,,,,,,,,,1,,,,Matches
200,Lily Nabet,usUSA,MF,Angel City FC,23,1999,4.6,,5,,,,,,,,,,,5,,,,Matches
201,Nadia Nadim,dkDEN,FW,Racing Louisville,35,1988,3.9,,0,,,,,,,,,,,0,,,,Matches
202,Alyssa Naeher,usUSA,GK,Red Stars,34,1988,20.0,,1,,,,,,,,,,,0,,,,Matches
203,Yūki Nagasato,jpJPN,"MF,FW",Red Stars,35,1987,17.4,,12,,,,,,,,,,,15,,,,Matches
204,Meaghan Nally,usUSA,DF,Portland Thorns,24,1998,4.7,,4,,,,,,,,,,,10,,,,Matches
205,Carly Nelson,usUSA,GK,Orlando Pride,24,1998,3.0,,0,,,,,,,,,,,0,,,,Matches
206,Paige Nielsen,usUSA,DF,Angel City FC,29,1993,19.7,,24,,,,,,,,,,,34,,,,Matches
207,Jenna Nighswonger,usUSA,DF,Gotham FC,22,2000,16.9,,34,,,,,,,,,,,17,,,,Matches
208,Kelley O'Hara,usUSA,"DF,MF",Gotham FC,34,1988,7.1,,7,,,,,,,,,,,10,,,,Matches
209,Denise O'Sullivan,ieIRL,MF,NC Courage,28,1994,19.9,,31,,,,,,,,,,,28,,,,Matches
210,Bárbara Olivieri,veVEN,FW,Houston Dash,20,2002,1.9,,4,,,,,,,,,,,1,,,,Matches
211,Ifeoma Onumonu,ngNGA,FW,Gotham FC,28,1994,4.1,,4,,,,,,,,,,,3,,,,Matches
212,Diana Ordoñez,mxMEX,FW,Houston Dash,21,2001,15.2,,9,,,,,,,,,,,2,,,,Matches
213,Megan Oyster,usUSA,DF,Orlando Pride,30,1992,12.3,,11,,,,,,,,,,,16,,,,Matches
214,Courtney Petersen,usUSA,"DF,MF",Houston Dash,25,1997,6.7,,8,,,,,,,,,,,5,,,,Matches
215,Carson Pickett,usUSA,DF,Racing Louisville,29,1993,18.8,,17,,,,,,,,,,,38,,,,Matches
216,Kiki Pickett,usUSA,DF,NC Courage,23,1999,7.7,,8,,,,,,,,,,,13,,,,Matches
217,Victoria Pickett,caCAN,MF,NC Courage,26,1996,2.9,,5,,,,,,,,,,,2,,,,Matches
218,Victoria Pickett,caCAN,MF,Gotham FC,26,1996,1.2,,0,,,,,,,,,,,0,,,,Matches
219,Elli Pikkujämsä,fiFIN,"MF,DF",Racing Louisville,23,1999,13.8,,11,,,,,,,,,,,10,,,,Matches
220,Brianna Pinto,usUSA,MF,NC Courage,22,2000,4.2,,5,,,,,,,,,,,2,,,,Matches
221,Mackenzie Pluck,usUSA,MF,Angel City FC,22,2000,0.0,,0,,,,,,,,,,,0,,,,Matches
222,Madison Pogarch,usUSA,DF,SD Wave,25,1997,8.7,,16,,,,,,,,,,,5,,,,Matches
223,Maddie Pokorny,usUSA,DF,Racing Louisville,26,1996,2.8,,7,,,,,,,,,,,2,,,,Matches
224,Taylor Porter,usUSA,MF,Portland Thorns,25,1997,2.2,,4,,,,,,,,,,,7,,,,Matches
225,Nichelle Prince,caCAN,"FW,MF",Houston Dash,27,1995,4.4,,3,,,,,,,,,,,1,,,,Matches
226,Ally Prisock,usUSA,DF,Houston Dash,26,1997,8.8,,5,,,,,,,,,,,9,,,,Matches
227,Sarah Puntigam,atAUT,"DF,MF",Houston Dash,30,1992,5.2,,9,,,,,,,,,,,4,,,,Matches
228,Margaret Purce,usUSA,"FW,MF",Gotham FC,27,1995,8.0,,7,,,,,,,,,,,1,,,,Matches
229,Quinn,caCAN,MF,Reign,27,1995,8.8,,8,,,,,,,,,,,7,,,,Matches
230,Rafaelle,brBRA,DF,Orlando Pride,31,1991,6.8,,10,,,,,,,,,,,13,,,,Matches
231,Megan Rapinoe,usUSA,"MF,FW",Reign,37,1985,11.1,,7,,,,,,,,,,,8,,,,Matches
232,Brittany Ratcliffe,usUSA,"MF,FW",NC Courage,28,1994,4.1,,4,,,,,,,,,,,3,,,,Matches
233,Megan Reid,usUSA,DF,Angel City FC,26,1996,8.8,,6,,,,,,,,,,,10,,,,Matches
234,Reyna Reyes,mxMEX,DF,Portland Thorns,21,2001,7.3,,24,,,,,,,,,,,15,,,,Matches
235,Chloe Ricketts,usUSA,MF,Washington Spirit,15,2007,3.2,,7,,,,,,,,,,,2,,,,Matches
236,Kaleigh Riehl,usUSA,DF,SD Wave,26,1996,18.2,,11,,,,,,,,,,,20,,,,Matches
237,Ali Riley,nzNZL,DF,Angel City FC,35,1987,13.8,,28,,,,,,,,,,,11,,,,Matches
238,Clara Robbins,usUSA,MF,NC Courage,24,1998,1.0,,1,,,,,,,,,,,1,,,,Matches
239,Gabrielle Robinson,usUSA,DF,Current,21,2001,18.9,,15,,,,,,,,,,,27,,,,Matches
240,Cari Roccaro,usUSA,MF,Red Stars,28,1994,20.3,,23,,,,,,,,,,,26,,,,Matches
241,Trinity Rodman,usUSA,"FW,MF",Washington Spirit,20,2002,18.1,,22,,,,,,,,,,,8,,,,Matches
242,Izzy Rodriguez,usUSA,DF,Current,23,1999,14.0,,22,,,,,,,,,,,25,,,,Matches
243,Raquel Rodríguez,crCRC,MF,Portland Thorns,29,1993,6.6,,13,,,,,,,,,,,14,,,,Matches
244,Svava Rós Guðmundsdóttir,isISL,"MF,FW",Gotham FC,27,1995,1.7,,2,,,,,,,,,,,0,,,,Matches
245,Katelyn Rowland,usUSA,GK,NC Courage,28,1994,2.0,,0,,,,,,,,,,,0,,,,Matches
246,Yazmeen Ryan,usUSA,"MF,FW",Gotham FC,23,1999,17.3,,16,,,,,,,,,,,15,,,,Matches
247,Ebony Salmon,engENG,"FW,MF",Houston Dash,22,2001,10.5,,3,,,,,,,,,,,2,,,,Matches
248,Emily Sams,usUSA,DF,Orlando Pride,23,1999,22.0,,19,,,,,,,,,,,24,,,,Matches
249,Ashley Sanchez,usUSA,"MF,FW",Washington Spirit,23,1999,17.7,,13,,,,,,,,,,,10,,,,Matches
250,Maria Sanchez,mxMEX,"MF,FW",Houston Dash,26,1996,19.7,,12,,,,,,,,,,,12,,,,Matches
251,Ouleymata Sarr,frFRA,MF,Washington Spirit,27,1995,4.9,,8,,,,,,,,,,,4,,,,Matches
252,Becky Sauerbrunn,usUSA,DF,Portland Thorns,37,1985,6.3,,1,,,,,,,,,,,6,,,,Matches
253,Ally Schlegel,usUSA,"MF,FW",Red Stars,22,2000,4.3,,5,,,,,,,,,,,4,,,,Matches
254,Sophie Schmidt,caCAN,MF,Houston Dash,34,1988,19.5,,33,,,,,,,,,,,25,,,,Matches
255,Kayla Sharples,usUSA,DF,Red Stars,25,1997,7.7,,8,,,,,,,,,,,10,,,,Matches
256,Jaedyn Shaw,usUSA,"MF,FW",SD Wave,18,2004,16.5,,18,,,,,,,,,,,10,,,,Matches
257,Delanie Sheehan,usUSA,"MF,FW",Gotham FC,24,1999,13.7,,15,,,,,,,,,,,0,,,,Matches
258,Kailen Sheridan,caCAN,GK,SD Wave,27,1995,19.0,,0,,,,,,,,,,,0,,,,Matches
259,Marissa Sheva,ieIRL,MF,Washington Spirit,25,1997,3.0,,5,,,,,,,,,,,4,,,,Matches
260,Meleana Shim,usUSA,MF,Gotham FC,31,1991,0.6,,1,,,,,,,,,,,1,,,,Matches
261,Cheyenne Shorts,usUSA,DF,SD Wave,24,1998,2.0,,1,,,,,,,,,,,2,,,,Matches
262,Wang Shuang,cnCHN,"FW,MF",Racing Louisville,28,1995,14.4,,10,,,,,,,,,,,13,,,,Matches
263,Lena Silano,usUSA,"FW,MF",Washington Spirit,22,2000,3.4,,10,,,,,,,,,,,3,,,,Matches
264,Christine Sinclair,caCAN,"MF,FW",Portland Thorns,39,1983,11.4,,10,,,,,,,,,,,4,,,,Matches
265,Abby Smith,usUSA,GK,Gotham FC,29,1993,15.0,,0,,,,,,,,,,,0,,,,Matches
266,Taylor Smith,usUSA,FW,Gotham FC,29,1993,5.0,,5,,,,,,,,,,,3,,,,Matches
267,Havana Solaun,jmJAM,MF,Houston Dash,29,1993,2.1,,4,,,,,,,,,,,5,,,,Matches
268,Emily Sonnett,usUSA,MF,Reign,29,1993,18.6,,31,,,,,,,,,,,25,,,,Matches
269,Croix Soto,,DF,Current,,,8.3,,9,,,,,,,,,,,2,,,,Matches
270,Alexa Spaanstra,usUSA,"FW,MF",Current,22,2000,5.9,,5,,,,,,,,,,,3,,,,Matches
271,Meredith Speck,usUSA,MF,NC Courage,29,1993,7.4,,11,,,,,,,,,,,6,,,,Matches
272,Mariana Speckmaier,veVEN,FW,Washington Spirit,25,1997,0.0,,0,,,,,,,,,,,0,,,,Matches
273,Jasmyne Spencer,usUSA,"DF,MF",Angel City FC,32,1990,8.0,,17,,,,,,,,,,,15,,,,Matches
274,Bianca St-Georges,caCAN,MF,Red Stars,25,1997,17.4,,21,,,,,,,,,,,17,,,,Matches
275,Samantha Staab,usUSA,DF,Washington Spirit,25,1997,22.0,,12,,,,,,,,,,,26,,,,Matches
276,Nikki Stanton,usUSA,MF,Reign,32,1990,4.9,,11,,,,,,,,,,,8,,,,Matches
277,Sandra Starke,deGER,"MF,FW",Red Stars,29,1993,4.5,,7,,,,,,,,,,,1,,,,Matches
278,Katie Stengel,usUSA,FW,Gotham FC,30,1992,4.7,,1,,,,,,,,,,,1,,,,Matches
279,Ella Stevens,usUSA,FW,Red Stars,25,1997,14.4,,16,,,,,,,,,,,8,,,,Matches
280,Kylie Strom,usUSA,DF,Orlando Pride,30,1992,21.8,,40,,,,,,,,,,,38,,,,Matches
281,Hina Sugita,jpJPN,"MF,FW",Portland Thorns,26,1997,14.5,,20,,,,,,,,,,,13,,,,Matches
282,Andi Sullivan,usUSA,MF,Washington Spirit,27,1995,18.9,,28,,,,,,,,,,,31,,,,Matches
283,Mallory Swanson,usUSA,MF,Red Stars,24,1998,2.0,,1,,,,,,,,,,,0,,,,Matches
284,Frankie Tagliaferri,usUSA,MF,NC Courage,24,1999,2.9,,3,,,,,,,,,,,1,,,,Matches
285,Alyssa Thompson,usUSA,"FW,MF",Angel City FC,18,2004,12.8,,13,,,,,,,,,,,11,,,,Matches
286,Cameron Tucker,usUSA,"MF,FW",Houston Dash,23,1999,2.8,,10,,,,,,,,,,,0,,,,Matches
287,Phallon Tullis-Joyce,usUSA,GK,Reign,26,1996,16.0,,0,,,,,,,,,,,0,,,,Matches
288,Kelsey Turnbow,usUSA,FW,SD Wave,24,1999,1.7,,6,,,,,,,,,,,1,,,,Matches
289,Erika Tymrak,usUSA,"MF,FW",Orlando Pride,31,1991,8.9,,6,,,,,,,,,,,3,,,,Matches
290,Olivia Van der Jagt,usUSA,MF,Reign,23,1999,12.0,,17,,,,,,,,,,,14,,,,Matches
291,Michele Vasconcelos,usUSA,FW,Portland Thorns,28,1994,3.8,,6,,,,,,,,,,,1,,,,Matches
292,Mary Vignola,usUSA,DF,Angel City FC,24,1998,13.3,,16,,,,,,,,,,,20,,,,Matches
293,Viviana Villacorta,usUSA,MF,Orlando Pride,23,1999,12.3,,9,,,,,,,,,,,14,,,,Matches
294,Jenna Walker,usUSA,"MF,DF",Current,23,1999,4.9,,5,,,,,,,,,,,0,,,,Matches
295,Ally Watt,usUSA,"FW,MF",Orlando Pride,25,1997,8.3,,15,,,,,,,,,,,5,,,,Matches
296,Dani Weatherholt,usUSA,MF,Angel City FC,28,1994,16.1,,21,,,,,,,,,,,22,,,,Matches
297,Morgan Weaver,usUSA,"FW,MF",Portland Thorns,25,1997,19.8,,13,,,,,,,,,,,7,,,,Matches
298,McKenzie Weinert,,FW,Reign,,,0.5,,0,,,,,,,,,,,0,,,,Matches
299,Christen Westphal,usUSA,DF,SD Wave,29,1993,21.8,,19,,,,,,,,,,,39,,,,Matches
300,Ryan Williams,usUSA,DF,NC Courage,26,1996,21.8,,30,,,,,,,,,,,37,,,,Matches
301,Sophia Wilson,usUSA,FW,Portland Thorns,22,2000,12.9,,9,,,,,,,,,,,3,,,,Matches
302,Olivia Wingate,usUSA,FW,NC Courage,22,2000,4.8,,1,,,,,,,,,,,1,,,,Matches
303,Arin Wright,usUSA,"DF,MF",Red Stars,30,1992,17.6,,9,,,,,,,,,,,38,,,,Matches
304,Zaneta Wyne,usUSA,MF,Racing Louisville,32,1990,0.1,,0,,,,,,,,,,,0,,,,Matches
305,Shae Yanez,usUSA,GK,SD Wave,25,1997,3.0,,0,,,,,,,,,,,0,,,,Matches
306,Summer Yates,usUSA,MF,Orlando Pride,22,2000,1.3,,5,,,,,,,,,,,0,,,,Matches
307,McCall Zerboni,usUSA,MF,Gotham FC,36,1986,5.4,,10,,,,,,,,,,,9,,,,Matches
