ranker,player,nationality,position,team,age,birth_year,games,minutes,minutes_per_game,minutes_pct,minutes_90s,games_starts,minutes_per_start,games_complete,games_subs,minutes_per_sub,unused_subs,points_per_game,on_goals_for,on_goals_against,plus_minus,plus_minus_per90,plus_minus_wowy,matches
1,Kerry Abello,usUSA,DF,Orlando Pride,24,1999,26,,81.0,90.1,23.4,25,83.0,17,1,27.0,0,2.38,40.0,19.0,21.0,0.9,-1.04,Matches
2,Emeri Adames,usUSA,"MF,FW",Reign,17,2006,21,540.0,26.0,23.1,6.0,6,63.0,0,15,11.0,1,0.76,7.0,15.0,-8.0,-1.33,-0.88,Matches
3,Adriana,brBRA,"MF,FW",Orlando Pride,27,1996,23,,73.0,71.8,18.7,19,81.0,9,4,36.0,0,2.38,30.0,13.0,17.0,0.91,-0.32,Matches
4,Amirah Ali,usUSA,"FW,MF",SD Wave,25,1998,14,572.0,41.0,24.4,6.4,4,65.0,0,10,31.0,3,1.0,8.0,11.0,-3.0,-0.47,-0.06,Matches
5,Aline,brBRA,"FW,MF",NC Courage,18,2005,7,371.0,53.0,15.9,4.1,5,69.0,1,2,14.0,2,1.63,7.0,2.0,5.0,1.21,1.17,Matches
6,Amanda Allen,caCAN,FW,Orlando Pride,18,2005,8,87.0,11.0,3.7,1.0,0,,0,8,11.0,7,2.0,3.0,0.0,3.0,3.1,2.18,Matches
7,Emmie Allen,usUSA,GK,Bay FC,21,2002,0,,,,,0,,0,0,,4,,,,,,,Matches
8,Michelle Alozie,ngNGA,"FW,MF",Houston Dash,26,1997,24,,56.0,57.6,15.0,14,79.0,5,10,24.0,0,0.79,10.0,23.0,-13.0,-0.87,-0.05,Matches
9,Emily Alvarado,mxMEX,GK,Portland Thorns,25,1998,0,,,,,0,,0,0,,10,,,,,,,Matches
10,Emily Alvarado,mxMEX,GK,Houston Dash,25,1998,0,,,,,0,,0,0,,4,,,,,,,Matches
11,Angelina Anderson,usUSA,GK,Angel City FC,22,2001,3,270.0,90.0,11.5,3.0,3,90.0,3,0,,23,0.33,3.0,6.0,-3.0,-1.0,-0.57,Matches
12,Hannah Anderson,usUSA,DF,Red Stars,22,2001,16,,85.0,58.1,15.1,15,90.0,15,1,10.0,10,0.94,16.0,23.0,-7.0,-0.46,-0.46,Matches
13,Joelle Anderson,usUSA,MF,Bay FC,25,1998,17,916.0,54.0,39.1,10.2,10,76.0,4,7,22.0,4,1.41,12.0,16.0,-4.0,-0.39,-0.01,Matches
14,Andressa,brBRA,"MF,FW",Houston Dash,31,1992,24,,49.0,50.6,13.1,15,69.0,4,9,16.0,0,0.71,8.0,21.0,-13.0,-0.99,-0.29,Matches
15,Angelina,brBRA,MF,Orlando Pride,24,2000,21,,71.0,63.4,16.5,16,82.0,9,5,33.0,0,2.33,29.0,15.0,14.0,0.85,-0.41,Matches
16,Mackenzie Arnold,auAUS,GK,Portland Thorns,29,1994,5,450.0,90.0,19.2,5.0,5,90.0,5,0,,3,0.2,4.0,10.0,-6.0,-1.2,-1.58,Matches
17,Ary Borges,brBRA,MF,Racing Louisville,24,1999,14,826.0,59.0,35.3,9.2,10,75.0,5,4,18.0,1,1.21,11.0,14.0,-3.0,-0.33,-0.15,Matches
18,Kimmi Ascanio,usUSA,MF,SD Wave,16,2008,6,148.0,25.0,6.3,1.6,2,45.0,0,4,15.0,11,1.17,2.0,0.0,2.0,1.22,1.75,Matches
19,Katherine Asman,usUSA,GK,Portland Thorns,23,2000,0,,,,,0,,0,0,,2,,,,,,,Matches
20,Olivia Athens,usUSA,"MF,FW",Reign,24,1999,20,691.0,35.0,29.5,7.7,8,78.0,2,12,6.0,5,0.85,11.0,14.0,-3.0,-0.39,0.37,Matches
21,Rosella Ayane,maMAR,FW,Red Stars,27,1996,1,45.0,45.0,1.9,0.5,1,45.0,0,0,,3,0.0,0.0,1.0,-1.0,-2.0,-1.76,Matches
22,Madison Ayson,,DF,Houston Dash,,,1,9.0,9.0,0.4,0.1,0,,0,1,9.0,15,0.0,0.0,1.0,-1.0,-10.0,-9.19,Matches
23,Ramona Bachmann,chSUI,"FW,MF",Houston Dash,33,1990,12,834.0,70.0,35.6,9.3,10,77.0,1,2,31.0,2,1.08,4.0,7.0,-3.0,-0.32,0.81,Matches
24,Jordan Baggett,usUSA,MF,Racing Louisville,27,1996,3,85.0,28.0,3.6,0.9,1,65.0,0,2,10.0,13,1.33,2.0,2.0,0.0,0.0,0.24,Matches
25,Elexa Bahr,coCOL,"FW,MF",Racing Louisville,25,1998,16,,65.0,44.6,11.6,14,72.0,1,2,17.0,10,1.0,12.0,12.0,0.0,0.0,0.42,Matches
26,Dorian Bailey,usUSA,MF,Bay FC,27,1997,26,,65.0,71.8,18.7,18,83.0,11,8,23.0,0,1.26,22.0,30.0,-8.0,-0.43,-0.16,Matches
27,Elizabeth Ball,usUSA,DF,Current,28,1995,19,,64.0,52.2,13.6,12,87.0,10,7,25.0,7,2.42,35.0,18.0,17.0,1.25,0.53,Matches
28,Stine Ballisager Pedersen,dkDEN,DF,Current,30,1994,18,,59.0,45.6,11.9,11,90.0,11,7,11.0,8,2.21,20.0,17.0,3.0,0.25,-1.37,Matches
29,Barbra Banda,zmZAM,FW,Orlando Pride,23,2000,22,,79.0,74.4,19.3,20,84.0,12,2,28.0,0,2.52,40.0,12.0,28.0,1.45,1.75,Matches
30,Melanie Barcenas,usUSA,MF,SD Wave,16,2007,10,447.0,45.0,19.1,5.0,5,71.0,1,5,19.0,1,1.0,5.0,11.0,-6.0,-1.21,-0.97,Matches
31,Lauren Barnes,usUSA,DF,Reign,34,1989,21,,71.0,64.0,16.6,17,82.0,12,4,26.0,2,0.86,16.0,28.0,-12.0,-0.72,-0.19,Matches
32,Nicole Barnhart,usUSA,GK,Washington Spirit,42,1981,0,,,,,0,,0,0,,22,,,,,,,Matches
33,Ángela Barón,coCOL,DF,Racing Louisville,20,2003,1,13.0,13.0,0.6,0.1,0,,0,1,13.0,9,0.0,0.0,0.0,0.0,0.0,0.23,Matches
34,Hillary Beall,usUSA,GK,SD Wave,25,1999,2,118.0,59.0,5.0,1.3,1,90.0,1,1,28.0,24,1.5,2.0,2.0,0.0,0.0,0.45,Matches
35,Beatriz,brBRA,FW,Current,30,1993,16,866.0,54.0,37.0,9.6,11,66.0,1,5,27.0,0,2.5,27.0,10.0,17.0,1.77,1.22,Matches
36,Jennifer Beattie,sctSCO,DF,Bay FC,32,1991,8,409.0,51.0,17.5,4.5,6,68.0,0,2,1.0,17,1.5,5.0,6.0,-1.0,-0.22,0.2,Matches
37,Maycee Bell,usUSA,DF,NC Courage,23,2000,2,10.0,5.0,0.4,0.1,0,,0,2,5.0,2,1.5,1.0,1.0,0.0,0.0,-0.23,Matches
38,Maycee Bell,usUSA,DF,Gotham FC,23,2000,8,292.0,37.0,12.5,3.2,3,82.0,1,5,9.0,7,2.25,5.0,1.0,4.0,1.23,0.49,Matches
39,Elyse Bennett,usUSA,"MF,FW",SD Wave,24,1999,14,272.0,19.0,11.6,3.0,2,54.0,0,12,14.0,10,1.0,4.0,2.0,2.0,0.66,1.23,Matches
40,Ann-Katrin Berger,deGER,GK,Gotham FC,33,1990,22,,90.0,84.6,22.0,22,90.0,22,0,,1,2.33,39.0,16.0,23.0,1.05,1.55,Matches
41,Malia Berkely,usUSA,DF,NC Courage,25,1998,25,,88.0,94.4,24.5,25,88.0,24,0,,0,1.5,34.0,27.0,7.0,0.29,0.97,Matches
42,Hannah Betfort,usUSA,FW,Royals,25,1999,24,,70.0,71.4,18.6,18,83.0,10,6,30.0,1,0.92,16.0,30.0,-14.0,-0.75,-0.22,Matches
43,Croix Bethune,usUSA,MF,Washington Spirit,22,2001,17,,81.0,59.0,15.3,16,84.0,3,1,45.0,0,2.18,33.0,17.0,16.0,1.04,0.39,Matches
44,Michelle Betos,usUSA,GK,Gotham FC,35,1988,0,,,,,0,,0,0,,22,,,,,,,Matches
45,Camryn Biegalski,usUSA,"DF,MF",Red Stars,25,1998,7,377.0,54.0,16.1,4.2,3,84.0,2,4,32.0,8,0.38,3.0,8.0,-5.0,-1.19,-1.1,Matches
46,Jenna Bike,usUSA,"MF,FW",Red Stars,25,1998,23,,58.0,56.8,14.8,15,75.0,5,8,25.0,3,1.29,15.0,21.0,-6.0,-0.41,-0.32,Matches
47,Lynn Biyendolo,usUSA,"FW,MF",Gotham FC,30,1993,16,919.0,57.0,39.3,10.2,10,76.0,4,6,27.0,2,2.17,14.0,8.0,6.0,0.59,-0.36,Matches
48,Jordyn Bloomer,usUSA,GK,Racing Louisville,26,1997,0,,,,,0,,0,0,,19,,,,,,,Matches
49,Tess Boade,usUSA,"MF,FW",Bay FC,24,1999,25,,82.0,87.4,22.7,23,86.0,15,2,35.0,0,1.31,29.0,34.0,-5.0,-0.22,1.3,Matches
50,Bethany Bos,usUSA,"FW,MF",Reign,26,1997,15,,72.0,46.2,12.0,13,79.0,4,2,25.0,0,0.73,12.0,20.0,-8.0,-0.67,-0.02,Matches
51,Bethany Bos,usUSA,"FW,MF",Racing Louisville,26,1997,10,715.0,72.0,30.6,7.9,10,72.0,3,0,,0,1.2,7.0,11.0,-4.0,-0.5,-0.39,Matches
52,Lyza Bosselmann,,GK,Washington Spirit,,,1,1.0,1.0,0.0,0.0,0,,0,1,1.0,7,0.0,0.0,0.0,0.0,0.0,-0.88,Matches
53,Marisa Bova,usUSA,GK,NC Courage,23,2000,0,,,,,0,,0,0,,21,,,,,,,Matches
54,Sophia Braun,arARG,DF,Current,24,2000,0,,,,,0,,0,0,,1,,,,,,,Matches
55,Jordan Brewster,usUSA,DF,Bay FC,24,1999,1,10.0,10.0,0.4,0.1,0,,0,1,10.0,12,0.0,0.0,0.0,0.0,0.0,0.39,Matches
56,Gracie Brian,usUSA,MF,Houston Dash,22,2001,0,,,,,0,,0,0,,1,,,,,,,Matches
57,Isabella Briede,usUSA,MF,Houston Dash,25,1998,17,371.0,22.0,15.9,4.1,2,63.0,0,15,16.0,7,0.53,3.0,7.0,-4.0,-0.97,-0.15,Matches
58,Messiah Bright,usUSA,FW,Angel City FC,24,2000,21,687.0,33.0,29.4,7.6,7,61.0,0,14,18.0,4,0.81,9.0,9.0,0.0,0.0,0.71,Matches
59,Courtney Brown,usUSA,MF,Washington Spirit,23,2000,24,947.0,39.0,40.5,10.5,10,67.0,2,14,20.0,1,2.24,16.0,7.0,9.0,0.86,-0.05,Matches
60,Ryanne Brown,usUSA,DF,Reign,25,1999,9,277.0,31.0,11.8,3.1,3,65.0,0,6,14.0,6,0.67,1.0,3.0,-2.0,-0.65,0.0,Matches
61,Bruninha,brBRA,DF,Gotham FC,21,2002,20,866.0,43.0,37.0,9.6,8,84.0,3,12,16.0,6,2.0,11.0,8.0,3.0,0.31,-0.79,Matches
62,Jordyn Bugg,usUSA,DF,Reign,17,2006,6,495.0,83.0,21.2,5.5,5,90.0,5,1,45.0,0,1.0,5.0,8.0,-3.0,-0.55,0.14,Matches
63,Zoe Burns,caCAN,"DF,MF",Royals,22,2002,21,,63.0,56.4,14.7,14,81.0,8,7,26.0,1,1.05,11.0,15.0,-4.0,-0.27,0.96,Matches
64,Anaïg Butel,frFRA,DF,Washington Spirit,31,1992,24,,79.0,81.4,21.2,21,87.0,19,3,25.0,2,2.04,41.0,24.0,17.0,0.8,-0.44,Matches
65,Jenna Butler,,DF,Washington Spirit,,,1,1.0,1.0,0.0,0.0,0,,0,1,1.0,5,0.0,0.0,0.0,0.0,0.0,-0.88,Matches
66,Scarlett Camberos,mxMEX,"FW,MF",Bay FC,23,2000,10,694.0,69.0,29.7,7.7,8,81.0,1,2,23.0,1,0.9,8.0,12.0,-4.0,-0.52,-0.19,Matches
67,Jane Campbell,usUSA,GK,Houston Dash,28,1995,25,,90.0,96.2,25.0,25,90.0,25,0,,1,0.8,18.0,39.0,-21.0,-0.84,0.16,Matches
68,Gabrielle Carle,caCAN,DF,Washington Spirit,25,1998,26,,78.0,86.4,22.5,23,84.0,19,3,28.0,0,2.07,44.0,24.0,20.0,0.89,0.04,Matches
69,Jess Carter,engENG,DF,Gotham FC,26,1997,10,849.0,85.0,36.3,9.4,10,85.0,6,0,,0,2.42,15.0,7.0,8.0,0.85,0.06,Matches
70,Kyra Carusa,ieIRL,FW,SD Wave,28,1995,17,633.0,37.0,27.1,7.0,7,61.0,1,10,21.0,1,1.06,10.0,6.0,4.0,0.57,1.36,Matches
71,Delphine Cascarino,frFRA,"MF,FW",SD Wave,26,1997,10,638.0,64.0,27.3,7.1,7,82.0,3,3,20.0,0,1.0,11.0,12.0,-1.0,-0.14,0.39,Matches
72,Deyna Castellanos,veVEN,"MF,FW",Bay FC,24,1999,20,,53.0,45.3,11.8,12,75.0,4,8,20.0,5,1.0,13.0,24.0,-11.0,-0.93,-1.01,Matches
73,Allysha Chapman,caCAN,DF,Houston Dash,35,1989,8,542.0,68.0,23.2,6.0,6,82.0,4,2,27.0,5,0.75,7.0,13.0,-6.0,-1.0,-0.2,Matches
74,Temwa Chaŵinga,mwMWI,"MF,FW",Current,25,1998,25,,86.0,91.5,23.8,24,88.0,19,1,28.0,0,2.04,50.0,28.0,22.0,0.92,-0.89,Matches
75,Milly Clegg,nzNZL,FW,Racing Louisville,18,2005,1,19.0,19.0,0.8,0.2,0,,0,1,19.0,8,0.0,0.0,1.0,-1.0,-4.74,-4.54,Matches
76,Mikayla Cluff,usUSA,MF,Royals,24,1999,11,481.0,44.0,20.6,5.3,5,76.0,3,6,17.0,4,0.64,3.0,10.0,-7.0,-1.31,-0.78,Matches
77,Sam Coffey,usUSA,MF,Portland Thorns,25,1998,24,,83.0,85.1,22.1,23,86.0,18,1,23.0,0,1.32,35.0,29.0,6.0,0.27,1.3,Matches
78,Danielle Colaprico,usUSA,MF,SD Wave,30,1993,23,,68.0,66.5,17.3,18,78.0,10,5,32.0,1,1.04,16.0,19.0,-3.0,-0.17,0.74,Matches
79,Kaylie Collins,usUSA,GK,Washington Spirit,25,1998,0,,,,,0,,0,0,,2,,,,,,,Matches
80,Caroline Conti,usUSA,MF,Bay FC,22,2001,8,98.0,12.0,4.2,1.1,1,65.0,0,7,5.0,15,1.88,2.0,4.0,-2.0,-1.84,-1.52,Matches
81,Alana Cook,usUSA,DF,Reign,26,1997,11,844.0,77.0,36.1,9.4,9,88.0,8,2,25.0,1,0.55,13.0,22.0,-9.0,-0.96,-0.48,Matches
82,Alana Cook,usUSA,DF,Current,26,1997,10,855.0,86.0,36.5,9.5,10,86.0,8,0,,0,1.92,16.0,8.0,8.0,0.84,-0.25,Matches
83,Ally Cook,,FW,Red Stars,,,14,217.0,16.0,9.3,2.4,1,45.0,0,13,13.0,7,1.27,1.0,5.0,-4.0,-1.66,-1.53,Matches
84,Ava Cook,usUSA,FW,Red Stars,23,2000,3,97.0,32.0,4.1,1.1,0,,0,3,32.0,1,2.0,2.0,1.0,1.0,0.93,1.25,Matches
85,Michelle Cooper,usUSA,"MF,FW",Current,21,2002,21,,64.0,57.4,14.9,15,78.0,3,6,30.0,0,2.0,31.0,16.0,15.0,1.0,0.01,Matches
86,Ana-Maria Crnogorčević,chSUI,"FW,MF",Reign,33,1990,10,716.0,72.0,30.6,8.0,8,83.0,4,2,26.0,0,1.2,7.0,12.0,-5.0,-0.63,0.04,Matches
87,McKinley Crone,,GK,Orlando Pride,,,0,,,,,0,,0,0,,26,,,,,,,Matches
88,Chardonnay Curran,usUSA,FW,Red Stars,24,1999,11,241.0,22.0,10.3,2.7,0,,0,11,22.0,4,0.91,5.0,5.0,0.0,0.0,0.3,Matches
89,Madison Curry,usUSA,DF,Angel City FC,23,2001,22,,72.0,68.0,17.7,20,78.0,11,2,11.0,1,1.23,22.0,28.0,-6.0,-0.34,0.5,Matches
90,Izzy D'Aquila,usUSA,"MF,FW",Portland Thorns,22,2001,14,454.0,32.0,19.4,5.0,4,71.0,1,10,17.0,6,0.86,5.0,7.0,-2.0,-0.4,-0.59,Matches
91,Abby Dahlkemper,usUSA,DF,Bay FC,30,1993,9,810.0,90.0,34.6,9.0,9,90.0,9,0,,0,1.6,11.0,11.0,0.0,0.0,0.59,Matches
92,Abby Dahlkemper,usUSA,DF,SD Wave,30,1993,13,,87.0,48.1,12.5,12,90.0,12,1,45.0,0,0.62,6.0,15.0,-9.0,-0.72,-0.57,Matches
93,Tierna Davidson,usUSA,DF,Gotham FC,25,1998,19,,75.0,60.6,15.7,16,83.0,14,3,31.0,1,2.05,22.0,13.0,9.0,0.57,-0.6,Matches
94,Debinha,brBRA,"MF,FW",Current,32,1991,22,,67.0,62.6,16.3,17,78.0,3,5,27.0,0,2.0,32.0,15.0,17.0,1.05,0.12,Matches
95,Kate Del Fava,usUSA,DF,Royals,25,1998,26,,90.0,100.0,26.0,26,90.0,26,0,,0,0.96,22.0,40.0,-18.0,-0.69,,Matches
96,Cece Delzer,usUSA,"FW,MF",Gotham FC,26,1997,5,65.0,13.0,2.8,0.7,0,,0,5,13.0,0,2.33,3.0,0.0,3.0,4.15,3.44,Matches
97,Cece Delzer,usUSA,"FW,MF",Houston Dash,26,1997,5,216.0,43.0,9.2,2.4,3,60.0,0,2,19.0,0,0.2,1.0,7.0,-6.0,-2.5,-1.82,Matches
98,Savannah Demelo,usUSA,MF,Racing Louisville,25,1998,21,,83.0,74.7,19.4,20,85.0,12,1,45.0,1,1.24,24.0,29.0,-5.0,-0.26,-0.11,Matches
99,Ana Dias,ptPOR,FW,Portland Thorns,26,1997,10,237.0,24.0,10.1,2.6,2,67.0,0,8,13.0,3,2.0,3.0,1.0,2.0,0.76,0.76,Matches
100,Vanessa DiBernardo,usUSA,"MF,FW",Current,31,1992,23,,67.0,65.4,17.0,20,71.0,1,3,37.0,0,2.08,36.0,14.0,22.0,1.29,0.85,Matches
101,Claudia Dickey,usUSA,GK,Reign,24,2000,18,,88.0,67.9,17.7,18,88.0,17,0,,0,1.06,17.0,24.0,-7.0,-0.4,0.8,Matches
102,Marisa DiGrande,usUSA,MF,Racing Louisville,26,1997,23,,76.0,75.1,19.5,20,83.0,14,3,30.0,3,1.09,24.0,29.0,-5.0,-0.26,-0.1,Matches
103,Maya Doms,usUSA,MF,Bay FC,22,2001,1,15.0,15.0,0.6,0.2,0,,0,1,15.0,12,0.0,0.0,1.0,-1.0,-6.0,-5.65,Matches
104,Makenzy Doniak,usUSA,MF,SD Wave,29,1994,24,,59.0,60.3,15.7,17,68.0,2,7,37.0,0,1.0,11.0,25.0,-14.0,-0.89,-1.18,Matches
105,Imani Dorsey,usUSA,DF,Royals,27,1996,2,134.0,67.0,5.7,1.5,2,67.0,1,0,,0,1.5,2.0,3.0,-1.0,-0.67,0.02,Matches
106,Julia Dorsey,usUSA,DF,NC Courage,23,2000,0,,,,,0,,0,0,,2,,,,,,,Matches
107,Meggie Dougherty Howard,usUSA,MF,Angel City FC,28,1995,18,,65.0,49.8,12.9,14,78.0,4,4,17.0,4,1.06,16.0,22.0,-6.0,-0.46,0.07,Matches
108,Julie Doyle,usUSA,MF,Orlando Pride,25,1998,24,,57.0,58.3,15.2,19,64.0,1,5,30.0,1,2.41,25.0,15.0,10.0,0.66,-0.82,Matches
109,Evelina Duljan,seSWE,FW,Orlando Pride,20,2003,8,179.0,22.0,7.6,2.0,1,64.0,0,7,16.0,9,2.0,2.0,2.0,0.0,0.0,-1.08,Matches
110,Crystal Dunn,usUSA,"MF,FW",Gotham FC,31,1992,20,,53.0,45.1,11.7,12,71.0,1,8,25.0,0,2.0,14.0,10.0,4.0,0.34,-0.85,Matches
111,Caprice Dydasco,usUSA,DF,Bay FC,30,1993,25,,81.0,86.5,22.5,22,88.0,20,3,31.0,1,1.31,27.0,33.0,-6.0,-0.27,0.88,Matches
112,Cori Dyke,usUSA,DF,Orlando Pride,23,2000,21,,52.0,47.0,12.2,11,80.0,7,10,22.0,1,2.5,17.0,10.0,7.0,0.57,-0.81,Matches
113,Elizabeth Eddy,usUSA,MF,Angel City FC,32,1991,3,32.0,11.0,1.4,0.4,0,,0,3,11.0,12,0.33,1.0,2.0,-1.0,-2.81,-2.34,Matches
114,Kristen Edmonds,usUSA,"DF,MF",Gotham FC,36,1987,0,,,,,0,,0,0,,3,,,,,,,Matches
115,Emily van Egmond,auAUS,MF,SD Wave,30,1993,26,,73.0,80.8,21.0,19,88.0,17,7,30.0,0,0.96,20.0,33.0,-13.0,-0.62,-1.02,Matches
116,Claire Emslie,sctSCO,"MF,FW",Angel City FC,29,1994,26,,75.0,83.8,21.8,24,79.0,11,2,30.0,0,1.04,24.0,31.0,-7.0,-0.32,1.1,Matches
117,Sierra Enge,usUSA,DF,SD Wave,23,2000,1,90.0,90.0,3.8,1.0,1,90.0,1,0,,11,3.0,2.0,0.0,2.0,2.0,2.52,Matches
118,Abby Erceg,nzNZL,DF,Racing Louisville,34,1989,26,,90.0,100.0,26.0,26,90.0,26,0,,0,1.08,33.0,39.0,-6.0,-0.23,,Matches
119,Sinead Farrelly,ieIRL,MF,Gotham FC,34,1989,1,2.0,2.0,0.1,0.0,0,,0,1,2.0,1,1.0,1.0,1.0,0.0,0.0,-0.81,Matches
120,Bayley Feist,usUSA,MF,Current,26,1997,16,572.0,36.0,24.4,6.4,6,76.0,3,10,12.0,8,1.89,10.0,8.0,2.0,0.31,-0.91,Matches
121,Kayla Fischer,usUSA,"MF,FW",Racing Louisville,24,2000,24,,47.0,48.5,12.6,12,70.0,4,12,25.0,0,0.92,18.0,23.0,-5.0,-0.4,-0.32,Matches
122,Jess Fishlock,wlsWAL,"MF,FW",Reign,37,1987,18,,78.0,59.7,15.5,17,81.0,13,1,13.0,0,1.11,17.0,29.0,-12.0,-0.77,-0.3,Matches
123,Jessie Fleming,caCAN,MF,Portland Thorns,25,1998,25,,68.0,72.7,18.9,21,77.0,6,4,20.0,0,1.19,23.0,27.0,-4.0,-0.21,-1.06,Matches
124,Taylor Flint,usUSA,MF,Racing Louisville,25,1998,24,,85.0,87.6,22.8,24,85.0,20,0,,0,1.17,31.0,35.0,-4.0,-0.18,0.45,Matches
125,Lauren Flynn,usUSA,DF,Royals,21,2002,12,893.0,74.0,38.2,9.9,10,83.0,9,2,30.0,4,0.5,4.0,22.0,-18.0,-1.81,-1.81,Matches
126,Dana Foederer,nlNED,MF,Royals,21,2002,23,,67.0,65.5,17.0,17,83.0,6,6,21.0,0,1.0,9.0,29.0,-20.0,-1.17,-1.4,Matches
127,Adrianna Franch,usUSA,GK,Current,33,1990,17,,90.0,65.4,17.0,17,90.0,17,0,,9,2.06,41.0,26.0,15.0,0.88,-0.34,Matches
128,Bea Franklin,usUSA,MF,Red Stars,23,2000,16,,69.0,47.4,12.3,12,87.0,9,4,16.0,6,1.0,13.0,17.0,-4.0,-0.32,-0.1,Matches
129,Macey Fraser,nzNZL,MF,Royals,21,2002,4,210.0,53.0,9.0,2.3,2,82.0,1,2,24.0,0,0.75,1.0,3.0,-2.0,-0.86,-0.18,Matches
130,Mandy Freeman,usUSA,DF,Gotham FC,28,1995,16,751.0,47.0,32.1,8.3,7,85.0,3,9,17.0,8,2.5,23.0,7.0,16.0,1.92,1.63,Matches
131,Kennedy Fuller,usUSA,"MF,FW",Angel City FC,16,2007,19,979.0,52.0,41.8,10.9,10,82.0,4,9,17.0,4,1.16,13.0,20.0,-7.0,-0.64,-0.25,Matches
132,Ryan Gareis,usUSA,"MF,FW",Houston Dash,25,1998,7,327.0,47.0,14.0,3.6,5,61.0,0,2,11.0,1,0.86,5.0,8.0,-3.0,-0.83,0.02,Matches
133,Morgan Gautrat,usUSA,MF,Orlando Pride,30,1993,17,850.0,50.0,36.3,9.4,11,68.0,1,6,18.0,2,2.32,10.0,9.0,1.0,0.11,-1.4,Matches
134,Naomi Girma,usUSA,DF,SD Wave,23,2000,20,,86.0,73.2,19.0,20,86.0,17,0,,1,0.85,16.0,27.0,-11.0,-0.58,-0.58,Matches
135,Hanna Glas,seSWE,DF,Reign,30,1993,7,473.0,68.0,20.2,5.3,6,74.0,1,1,28.0,1,0.43,3.0,11.0,-8.0,-1.52,-1.09,Matches
136,Hanna Glas,seSWE,DF,Current,30,1993,0,,,,,0,,0,0,,1,,,,,,,Matches
137,Parker Goins,usUSA,MF,Racing Louisville,25,1998,14,173.0,12.0,7.4,1.9,0,,0,14,12.0,11,0.93,4.0,5.0,-1.0,-0.52,-0.31,Matches
138,Nádia Gomes,ptPOR,"MF,FW",Red Stars,27,1996,9,234.0,26.0,10.0,2.6,3,50.0,0,6,14.0,5,1.11,3.0,3.0,0.0,0.0,0.3,Matches
139,Esther González,esESP,"FW,MF",Gotham FC,31,1992,21,,75.0,67.4,17.5,18,82.0,8,3,33.0,0,2.17,29.0,10.0,19.0,1.08,0.85,Matches
140,Sarah Gorden,usUSA,DF,Angel City FC,31,1992,24,,86.0,87.9,22.8,24,86.0,22,0,,0,1.08,26.0,37.0,-11.0,-0.48,0.15,Matches
141,Emily Gray,usUSA,MF,Royals,23,2000,2,3.0,2.0,0.1,0.0,0,,0,2,2.0,13,0.0,0.0,0.0,0.0,0.0,0.69,Matches
142,Sarah Griffith,usUSA,MF,Red Stars,24,1999,7,190.0,27.0,8.1,2.1,3,55.0,0,4,6.0,10,1.14,2.0,5.0,-3.0,-1.42,-1.25,Matches
143,Shea Groom,usUSA,"MF,FW",Red Stars,30,1993,17,530.0,31.0,22.6,5.9,3,79.0,0,14,21.0,4,0.89,9.0,12.0,-3.0,-0.51,-0.31,Matches
144,Julia Grosso,caCAN,MF,Red Stars,23,2000,10,852.0,85.0,36.4,9.5,10,85.0,4,0,,0,0.82,8.0,14.0,-6.0,-0.63,-0.57,Matches
145,Julia Grosso,usUSA,DF,Royals,25,1998,0,,,,,0,,0,0,,6,,,,,,,Matches
146,Gabriela Guillén,crCRC,DF,Houston Dash,31,1992,0,,,,,0,,0,0,,1,,,,,,,Matches
147,Kristen Hamilton,usUSA,"FW,MF",Current,31,1992,3,87.0,29.0,3.7,1.0,0,,0,3,29.0,8,1.5,3.0,3.0,0.0,0.0,-1.04,Matches
148,Madison Hammond,usUSA,MF,Angel City FC,26,1997,23,,60.0,59.1,15.4,15,82.0,8,8,19.0,1,1.09,17.0,22.0,-5.0,-0.33,0.43,Matches
149,Hensley Hancuff,usUSA,GK,NC Courage,23,2000,0,,,,,0,,0,0,,5,,,,,,,Matches
150,DiDi Haracic,baBIH,GK,Angel City FC,31,1992,23,,90.0,88.5,23.0,23,90.0,23,0,,3,1.13,26.0,36.0,-10.0,-0.43,0.57,Matches
151,Jyllissa Harris,usUSA,DF,Houston Dash,23,2000,11,804.0,73.0,34.4,8.9,9,88.0,8,2,5.0,15,0.55,9.0,20.0,-11.0,-1.23,-0.59,Matches
152,Ashley Hatch,usUSA,"FW,MF",Washington Spirit,28,1995,24,,58.0,60.0,15.6,16,73.0,3,8,30.0,1,2.07,29.0,16.0,13.0,0.83,-0.13,Matches
153,Anna Heilferty,usUSA,DF,Washington Spirit,24,1999,2,71.0,36.0,3.0,0.8,0,,0,2,36.0,4,1.5,2.0,0.0,2.0,2.54,1.7,Matches
154,Amandine Henry,frFRA,MF,Angel City FC,34,1989,4,263.0,66.0,11.2,2.9,3,81.0,2,1,19.0,0,1.0,2.0,5.0,-3.0,-1.03,-0.59,Matches
155,Amandine Henry,frFRA,MF,Royals,34,1989,10,840.0,84.0,35.9,9.3,9,90.0,9,1,30.0,1,0.7,3.0,17.0,-14.0,-1.5,-1.26,Matches
156,Hal Hershfelt,usUSA,MF,Washington Spirit,22,2001,25,,83.0,88.7,23.1,23,87.0,19,2,37.0,0,2.14,49.0,23.0,26.0,1.13,2.15,Matches
157,Samantha Hiatt,usUSA,DF,Gotham FC,26,1998,17,,66.0,47.6,12.4,12,81.0,8,5,28.0,3,2.29,20.0,9.0,11.0,0.89,0.15,Matches
158,Rachel Hill,usUSA,"MF,FW",Bay FC,28,1995,18,,62.0,47.4,12.3,12,81.0,8,6,23.0,1,1.47,12.0,17.0,-5.0,-0.41,-0.04,Matches
159,Heather Hinz,usUSA,GK,Houston Dash,22,2001,1,90.0,90.0,3.8,1.0,1,90.0,1,0,,16,0.0,2.0,3.0,-1.0,-1.0,-0.16,Matches
160,Sophie Hirst,usUSA,MF,Portland Thorns,23,2000,1,1.0,1.0,0.0,0.0,0,,0,1,1.0,7,3.0,0.0,0.0,0.0,0.0,-0.08,Matches
161,Sophie Hirst,usUSA,MF,Houston Dash,23,2000,7,286.0,41.0,12.2,3.2,3,63.0,0,4,24.0,4,1.14,3.0,4.0,-1.0,-0.31,0.61,Matches
162,Penelope Hocking,usUSA,"FW,MF",Red Stars,24,1999,13,982.0,76.0,42.0,10.9,12,79.0,3,1,32.0,0,1.23,16.0,17.0,-1.0,-0.09,0.31,Matches
163,Penelope Hocking,usUSA,"MF,FW",Bay FC,24,1999,8,373.0,47.0,15.9,4.1,3,79.0,2,5,27.0,0,1.44,4.0,3.0,1.0,0.24,0.74,Matches
164,Shelby Hogan,usUSA,GK,Portland Thorns,25,1998,21,,90.0,80.8,21.0,21,90.0,21,0,,5,1.5,33.0,25.0,8.0,0.38,1.58,Matches
165,Shae Holmes,usUSA,DF,Reign,23,2000,19,,62.0,50.7,13.2,12,87.0,8,7,21.0,7,1.21,12.0,23.0,-11.0,-0.83,-0.37,Matches
166,Haley Hopkins,usUSA,"FW,MF",NC Courage,25,1998,23,,64.0,62.6,16.3,18,77.0,7,5,17.0,2,1.46,18.0,20.0,-2.0,-0.12,-0.94,Matches
167,Jaelin Howell,usUSA,MF,Reign,24,1999,8,477.0,60.0,20.4,5.3,5,85.0,2,3,18.0,0,0.75,5.0,9.0,-4.0,-0.75,-0.13,Matches
168,Jaelin Howell,usUSA,MF,Racing Louisville,24,1999,12,701.0,58.0,30.0,7.8,8,79.0,6,4,17.0,2,1.0,9.0,10.0,-1.0,-0.13,0.15,Matches
169,Kelli Hubly,usUSA,DF,Portland Thorns,29,1994,20,,86.0,73.5,19.1,19,89.0,17,1,32.0,5,0.9,26.0,30.0,-4.0,-0.21,-1.08,Matches
170,Sofia Huerta,usUSA,DF,Reign,31,1992,19,,90.0,73.1,19.0,19,90.0,19,0,,0,1.05,23.0,32.0,-9.0,-0.47,0.67,Matches
171,Jordyn Huitema,caCAN,"FW,MF",Reign,22,2001,18,,84.0,64.3,16.7,17,87.0,10,1,30.0,0,1.06,17.0,24.0,-7.0,-0.42,0.66,Matches
172,Claire Hutton,usUSA,MF,Current,18,2006,22,,75.0,70.6,18.4,19,83.0,10,3,27.0,0,2.13,50.0,25.0,25.0,1.36,1.23,Matches
173,Laurel Ivory,usUSA,GK,Reign,24,1999,9,751.0,83.0,32.1,8.3,8,90.0,8,1,31.0,17,0.44,10.0,20.0,-10.0,-1.2,-0.8,Matches
174,Riley Jackson,usUSA,MF,NC Courage,18,2005,18,316.0,18.0,13.5,3.5,3,58.0,0,15,10.0,3,1.44,5.0,7.0,-2.0,-0.57,-0.93,Matches
175,Natalie Jacobs,usUSA,DF,Houston Dash,26,1997,16,,77.0,52.9,13.8,14,85.0,12,2,26.0,2,0.63,9.0,15.0,-6.0,-0.44,0.87,Matches
176,Sofia Jakobsson,seSWE,"MF,FW",SD Wave,33,1990,12,559.0,47.0,23.9,6.2,6,74.0,1,6,20.0,3,0.75,2.0,7.0,-5.0,-0.81,-0.5,Matches
177,Angharad James,wlsWAL,MF,Reign,29,1994,15,888.0,59.0,37.9,9.9,12,65.0,0,3,36.0,10,0.73,14.0,20.0,-6.0,-0.61,0.07,Matches
178,Ellie Jean,usUSA,DF,Racing Louisville,27,1997,8,592.0,74.0,25.3,6.6,6,88.0,5,2,33.0,17,0.63,8.0,14.0,-6.0,-0.91,-0.91,Matches
179,Mwanalima Jereko,keKEN,MF,Current,26,1997,3,45.0,15.0,1.9,0.5,0,,0,3,15.0,5,1.0,0.0,2.0,-2.0,-4.0,-5.1,Matches
180,Celia Jiménez,esESP,DF,Orlando Pride,28,1995,3,74.0,25.0,3.2,0.8,1,65.0,0,2,5.0,15,2.0,1.0,1.0,0.0,0.0,-1.03,Matches
181,Katie Johnson,mxMEX,"FW,MF",Angel City FC,29,1994,5,89.0,18.0,3.8,1.0,0,,0,5,18.0,12,1.4,0.0,2.0,-2.0,-2.02,-1.58,Matches
182,Mya Jones,caCAN,"MF,FW",SD Wave,22,2001,19,852.0,45.0,36.4,9.5,12,62.0,1,7,15.0,4,0.89,7.0,14.0,-7.0,-0.74,-0.5,Matches
183,Jameese Joseph,usUSA,"MF,FW",Red Stars,21,2002,23,,45.0,44.4,11.5,9,71.0,0,14,29.0,1,1.08,14.0,15.0,-1.0,-0.09,0.33,Matches
184,Júlia,brBRA,MF,Red Stars,26,1997,17,785.0,46.0,33.5,8.7,9,70.0,2,8,19.0,8,1.06,9.0,13.0,-4.0,-0.46,-0.28,Matches
185,Uchenna Kanu,ngNGA,"MF,FW",Racing Louisville,26,1997,12,751.0,63.0,32.1,8.3,10,70.0,0,2,28.0,3,1.25,13.0,10.0,3.0,0.36,0.87,Matches
186,Kerolin,brBRA,FW,NC Courage,24,1999,5,235.0,47.0,10.0,2.6,2,78.0,0,3,27.0,0,1.17,4.0,4.0,0.0,0.0,-0.26,Matches
187,Alex Kerr,usUSA,FW,Orlando Pride,22,2001,1,7.0,7.0,0.3,0.1,0,,0,1,7.0,6,1.0,0.0,0.0,0.0,0.0,-1.0,Matches
188,Savannah King,usUSA,DF,Bay FC,18,2005,18,,61.0,47.3,12.3,12,82.0,5,6,20.0,2,1.17,14.0,25.0,-11.0,-0.9,-0.97,Matches
189,Tziarra King,usUSA,"MF,FW",Reign,25,1998,23,,58.0,57.1,14.9,18,69.0,0,5,19.0,2,0.83,15.0,28.0,-13.0,-0.88,-0.52,Matches
190,Aubrey Kingsbury,usUSA,GK,Washington Spirit,32,1991,26,,90.0,100.0,26.0,26,90.0,25,0,,0,2.07,51.0,28.0,23.0,0.88,0.88,Matches
191,Meghan Klingenberg,usUSA,"MF,DF",Portland Thorns,35,1988,12,253.0,21.0,10.8,2.8,2,56.0,0,10,14.0,9,1.67,5.0,5.0,0.0,0.0,-0.09,Matches
192,Rosemonde Kouassi,ciCIV,"MF,FW",Washington Spirit,22,2001,8,552.0,69.0,23.6,6.1,7,76.0,2,1,20.0,1,1.7,9.0,7.0,2.0,0.33,-0.73,Matches
193,Lauren Kozal,usUSA,GK,Portland Thorns,23,2000,0,,,,,0,,0,0,,7,,,,,,,Matches
194,Casey Krueger,usUSA,DF,Washington Spirit,33,1990,22,,76.0,71.7,18.6,20,82.0,13,2,22.0,2,2.16,38.0,19.0,19.0,1.02,0.48,Matches
195,Natalia Kuikka,fiFIN,DF,Red Stars,28,1995,25,,82.0,88.0,22.9,25,82.0,20,0,,0,1.23,28.0,34.0,-6.0,-0.26,0.06,Matches
196,Racheal Kundananji,zmZAM,"FW,MF",Bay FC,23,2000,21,,87.0,77.9,20.3,20,90.0,17,1,29.0,1,1.27,26.0,36.0,-10.0,-0.49,-0.49,Matches
197,Yūka Kurosaki,jpJPN,MF,Racing Louisville,26,1997,0,,,,,0,,0,0,,2,,,,,,,Matches
198,Kaleigh Kurtz,usUSA,DF,NC Courage,26,1997,26,,90.0,100.0,26.0,26,90.0,26,0,,0,1.44,34.0,28.0,6.0,0.23,,Matches
199,Lo'eau LaBonta,usUSA,MF,Current,30,1993,24,,80.0,82.1,21.3,21,88.0,16,3,26.0,0,2.08,47.0,25.0,22.0,1.03,0.17,Matches
200,Cloé Lacasse,caCAN,"MF,FW",Royals,30,1993,9,664.0,74.0,28.4,7.4,8,79.0,5,1,30.0,0,1.78,11.0,6.0,5.0,0.68,1.91,Matches
201,Mariana Larroquette,arARG,FW,Orlando Pride,31,1992,4,52.0,13.0,2.2,0.6,0,,0,4,13.0,11,2.0,1.0,0.0,1.0,1.73,0.75,Matches
202,Veronica Latsko,usUSA,"MF,DF",Reign,28,1995,23,,51.0,50.3,13.1,11,81.0,6,12,24.0,0,0.87,13.0,23.0,-10.0,-0.76,-0.22,Matches
203,Lauren,brBRA,DF,Current,21,2002,3,78.0,26.0,3.3,0.9,1,72.0,0,2,3.0,4,2.0,5.0,2.0,3.0,3.46,2.55,Matches
204,Rose Lavelle,usUSA,MF,Gotham FC,28,1995,21,,67.0,60.4,15.7,16,79.0,8,5,29.0,0,2.3,29.0,11.0,18.0,1.15,0.86,Matches
205,Claire Lavogez,frFRA,"FW,MF",Current,29,1994,14,481.0,34.0,20.6,5.3,4,58.0,0,10,25.0,2,2.07,13.0,10.0,3.0,0.56,-0.55,Matches
206,Carrie Lawrence,usUSA,DF,Orlando Pride,26,1997,9,288.0,32.0,12.3,3.2,3,59.0,0,6,18.0,16,2.67,9.0,3.0,6.0,1.87,1.0,Matches
207,Clarisse Le Bihan,frFRA,MF,Angel City FC,29,1994,10,489.0,49.0,20.9,5.4,6,73.0,1,4,12.0,5,1.1,4.0,8.0,-4.0,-0.74,-0.3,Matches
208,Ally Lemos,usUSA,MF,Orlando Pride,19,2004,13,346.0,27.0,14.8,3.8,2,82.0,0,11,17.0,9,2.31,9.0,3.0,6.0,1.56,0.66,Matches
209,Sydney Leroux,usUSA,FW,Angel City FC,33,1990,25,,70.0,74.3,19.3,19,82.0,11,6,29.0,0,1.04,22.0,34.0,-12.0,-0.62,-0.47,Matches
210,Julia Lester,usUSA,DF,Reign,26,1998,5,213.0,43.0,9.1,2.4,2,90.0,2,3,11.0,9,1.8,6.0,5.0,1.0,0.42,1.18,Matches
211,Payton Linnehan,usUSA,"MF,FW",Portland Thorns,22,2001,18,739.0,41.0,31.6,8.2,6,67.0,0,12,28.0,2,1.53,11.0,5.0,6.0,0.73,0.96,Matches
212,Alex Loera,usUSA,MF,Bay FC,24,1999,4,294.0,74.0,12.6,3.3,4,74.0,2,0,,0,1.5,7.0,7.0,0.0,0.0,0.44,Matches
213,Maitane López Millán,esESP,"MF,DF",Gotham FC,28,1995,13,414.0,32.0,17.7,4.6,4,79.0,3,9,11.0,6,2.08,4.0,4.0,0.0,0.0,-0.98,Matches
214,Luana,brBRA,MF,Orlando Pride,30,1993,3,189.0,63.0,8.1,2.1,2,72.0,0,1,45.0,0,1.0,3.0,4.0,-1.0,-0.48,-1.61,Matches
215,Ludmila,brBRA,"FW,MF",Red Stars,29,1994,7,529.0,76.0,22.6,5.9,6,84.0,2,1,24.0,0,1.29,5.0,6.0,-1.0,-0.17,0.13,Matches
216,Katie Lund,usUSA,GK,Racing Louisville,27,1996,26,,90.0,100.0,26.0,26,90.0,26,0,,0,1.08,33.0,39.0,-6.0,-0.23,,Matches
217,Hanna Lundkvist,seSWE,DF,SD Wave,21,2002,23,,79.0,77.5,20.2,21,83.0,13,2,31.0,2,0.91,19.0,28.0,-9.0,-0.45,-0.1,Matches
218,Tyler Lussi,usUSA,"MF,FW",NC Courage,29,1995,22,,67.0,62.7,16.3,20,70.0,2,2,36.0,4,1.5,19.0,17.0,2.0,0.12,-0.29,Matches
219,Hailie Mace,usUSA,DF,Current,26,1997,23,,78.0,76.8,20.0,20,84.0,13,3,38.0,0,1.96,44.0,21.0,23.0,1.15,0.65,Matches
220,Hildah Magaia,zaRSA,FW,Current,29,1994,6,50.0,8.0,2.1,0.6,0,,0,6,8.0,3,2.17,1.0,1.0,0.0,0.0,-1.02,Matches
221,Taylor Malham,usUSA,DF,Red Stars,24,1999,19,,76.0,61.4,16.0,16,84.0,12,3,32.0,7,1.4,18.0,22.0,-4.0,-0.25,0.05,Matches
222,Alyssa Malonson,usUSA,DF,Bay FC,24,1999,22,,62.0,57.8,15.0,16,78.0,8,6,17.0,3,1.35,18.0,19.0,-1.0,-0.07,0.75,Matches
223,Princess Marfo,ghGHA,FW,Bay FC,20,2003,9,245.0,27.0,10.5,2.7,2,74.0,0,7,14.0,9,0.33,6.0,8.0,-2.0,-0.73,-0.39,Matches
224,Marta,brBRA,"MF,FW",Orlando Pride,37,1986,23,,75.0,74.1,19.3,19,84.0,11,4,34.0,0,2.31,34.0,14.0,20.0,1.04,0.15,Matches
225,Nealy Martin,usUSA,MF,Gotham FC,25,1998,25,,76.0,81.7,21.2,22,81.0,12,3,40.0,0,2.11,35.0,18.0,17.0,0.8,-0.04,Matches
226,Brianna Martinez,usUSA,DF,Orlando Pride,23,2000,13,698.0,54.0,29.8,7.8,8,79.0,4,5,13.0,6,2.23,12.0,4.0,8.0,1.03,0.04,Matches
227,Merritt Mathias,usUSA,DF,Angel City FC,33,1990,13,371.0,29.0,15.9,4.1,3,65.0,0,10,18.0,2,0.92,3.0,7.0,-4.0,-0.97,-0.56,Matches
228,Manaka Matsukubo,jpJPN,FW,NC Courage,19,2004,17,,62.0,44.9,11.7,11,80.0,3,6,28.0,3,1.22,14.0,15.0,-1.0,-0.09,-0.57,Matches
229,Zoe Matthews,usUSA,MF,Houston Dash,16,2007,2,9.0,5.0,0.4,0.1,0,,0,2,5.0,0,0.0,0.0,0.0,0.0,0.0,0.85,Matches
230,Ainsley McCammon,usUSA,MF,Reign,16,2007,2,63.0,32.0,2.7,0.7,1,62.0,0,1,1.0,5,1.5,0.0,2.0,-2.0,-2.86,-2.26,Matches
231,Savannah McCaskill,usUSA,MF,SD Wave,27,1996,20,,72.0,61.8,16.1,16,85.0,10,4,22.0,0,0.9,12.0,21.0,-9.0,-0.56,-0.36,Matches
232,Phoebe McClernon,usUSA,DF,Reign,26,1997,26,,74.0,82.6,21.5,22,83.0,14,4,27.0,0,0.88,19.0,32.0,-13.0,-0.61,0.28,Matches
233,Haley McCutcheon,usUSA,MF,Orlando Pride,27,1996,22,,77.0,72.6,18.9,18,87.0,14,4,35.0,2,2.4,31.0,12.0,19.0,1.01,0.03,Matches
234,Maya McCutcheon,usUSA,MF,NC Courage,21,2002,0,,,,,0,,0,0,,11,,,,,,,Matches
235,Amanda McGlynn,usUSA,GK,Royals,25,1998,24,,90.0,92.3,24.0,24,90.0,24,0,,1,0.92,21.0,38.0,-17.0,-0.71,-0.21,Matches
236,Mallie McKenzie,usUSA,MF,Portland Thorns,23,2000,1,13.0,13.0,0.6,0.1,0,,0,1,13.0,6,0.0,0.0,0.0,0.0,0.0,-0.08,Matches
237,Tara McKeown,usUSA,DF,Washington Spirit,24,1999,26,,90.0,100.0,26.0,26,90.0,26,0,,0,2.07,51.0,28.0,23.0,0.88,,Matches
238,Erin McKinney,,GK,Houston Dash,,,0,,,,,0,,0,0,,11,,,,,,,Matches
239,Erin McKinney,,GK,Gotham FC,,,0,,,,,0,,0,0,,3,,,,,,,Matches
240,Charlotte Mclean,auAUS,DF,NC Courage,23,2000,0,,,,,0,,0,0,,7,,,,,,,Matches
241,Kristen McNabb,usUSA,DF,SD Wave,29,1994,24,,81.0,82.9,21.6,21,88.0,17,3,33.0,1,0.92,19.0,31.0,-12.0,-0.56,-0.78,Matches
242,Emily Menges,usUSA,DF,Bay FC,31,1992,26,,88.0,97.6,25.4,25,90.0,25,1,35.0,0,1.26,30.0,40.0,-10.0,-0.39,-0.39,Matches
243,Maddie Mercado,usUSA,FW,Reign,22,2001,5,36.0,7.0,1.5,0.4,0,,0,5,7.0,5,0.8,1.0,0.0,1.0,2.5,3.2,Matches
244,Addisyn Merrick,usUSA,MF,Royals,25,1998,4,117.0,29.0,5.0,1.3,1,45.0,0,3,24.0,13,1.75,1.0,0.0,1.0,0.77,1.54,Matches
245,Landy Mertz,usUSA,MF,NC Courage,23,2000,2,8.0,4.0,0.3,0.1,0,,0,2,4.0,12,0.5,0.0,0.0,0.0,0.0,-0.23,Matches
246,Morgan Messner,usUSA,GK,SD Wave,23,2000,0,,,,,0,,0,0,,8,,,,,,,Matches
247,Paige Metayer,usUSA,"DF,MF",Washington Spirit,23,2000,20,,52.0,44.6,11.6,11,82.0,8,9,16.0,4,1.96,19.0,19.0,0.0,0.0,-1.6,Matches
248,Samantha Meza,usUSA,MF,Reign,22,2001,0,,,,,0,,0,0,,1,,,,,,,Matches
249,Tatumn Milazzo,usUSA,DF,Red Stars,25,1998,17,,67.0,48.4,12.6,13,80.0,8,4,24.0,9,0.82,13.0,18.0,-5.0,-0.4,-0.25,Matches
250,Cassie Miller,usUSA,GK,Gotham FC,28,1995,4,360.0,90.0,15.4,4.0,4,90.0,4,0,,22,1.0,2.0,4.0,-2.0,-0.5,-1.55,Matches
251,Lauren Milliet,usUSA,DF,Racing Louisville,27,1996,26,,90.0,100.0,26.0,26,90.0,25,0,,0,1.08,33.0,39.0,-6.0,-0.23,-0.23,Matches
252,Narumi Miura,jpJPN,MF,NC Courage,26,1997,25,,78.0,83.5,21.7,23,83.0,9,2,25.0,0,1.38,24.0,24.0,0.0,0.0,-1.4,Matches
253,Paige Monaghan,usUSA,"MF,FW",Royals,27,1996,22,,71.0,67.0,17.4,20,76.0,7,2,23.0,0,0.82,12.0,29.0,-17.0,-0.98,-0.86,Matches
254,Nérilia Mondésir,htHAI,MF,Reign,25,1999,10,275.0,28.0,11.8,3.1,2,74.0,1,8,16.0,0,1.2,6.0,6.0,0.0,0.0,0.74,Matches
255,Anna Moorhouse,engENG,GK,Orlando Pride,28,1995,26,,90.0,100.0,26.0,26,90.0,26,0,,0,2.38,46.0,20.0,26.0,1.0,,Matches
256,Madeline Moreau,usUSA,DF,Bay FC,23,2000,11,250.0,23.0,10.7,2.8,2,90.0,2,9,8.0,8,1.25,4.0,4.0,0.0,0.0,0.43,Matches
257,Alex Morgan,usUSA,FW,SD Wave,34,1989,13,848.0,65.0,36.2,9.4,10,73.0,4,3,39.0,0,0.62,7.0,11.0,-4.0,-0.42,0.0,Matches
258,Esme Morgan,engENG,DF,Washington Spirit,23,2000,6,448.0,75.0,19.1,5.0,5,84.0,3,1,26.0,3,1.78,10.0,4.0,6.0,1.21,0.4,Matches
259,Makenna Morris,usUSA,MF,Washington Spirit,21,2002,12,536.0,45.0,22.9,6.0,4,73.0,0,8,31.0,5,1.73,11.0,5.0,6.0,1.01,0.16,Matches
260,Perle Morroni,frFRA,DF,SD Wave,26,1997,6,380.0,63.0,16.2,4.2,5,70.0,2,1,32.0,2,1.0,6.0,8.0,-2.0,-0.47,-0.06,Matches
261,Linda Motlhalo,zaRSA,MF,Racing Louisville,25,1998,1,4.0,4.0,0.2,0.0,0,,0,1,4.0,16,1.0,0.0,0.0,0.0,0.0,0.23,Matches
262,Olivia Moultrie,usUSA,"MF,FW",Portland Thorns,18,2005,22,,71.0,67.1,17.4,18,82.0,10,4,25.0,0,1.26,19.0,27.0,-8.0,-0.46,-1.63,Matches
263,Brecken Mozingo,usUSA,"MF,FW",Royals,22,2001,18,981.0,55.0,41.9,10.9,10,78.0,4,8,25.0,2,0.72,8.0,20.0,-12.0,-1.1,-0.7,Matches
264,Marie Müller,deGER,"DF,MF",Portland Thorns,23,2000,25,,73.0,77.9,20.3,20,85.0,12,5,24.0,1,1.31,26.0,29.0,-3.0,-0.15,-1.02,Matches
265,Shaelan Murison,usUSA,FW,Royals,25,1998,3,12.0,4.0,0.5,0.1,0,,0,3,4.0,5,1.0,0.0,0.0,0.0,0.0,0.7,Matches
266,Casey Murphy,usUSA,GK,NC Courage,27,1996,26,,90.0,100.0,26.0,26,90.0,26,0,,0,1.44,34.0,28.0,6.0,0.23,,Matches
267,Lily Nabet,usUSA,MF,Angel City FC,24,1999,13,704.0,54.0,30.1,7.8,8,77.0,2,5,17.0,13,1.15,8.0,10.0,-2.0,-0.26,0.35,Matches
268,Alyssa Naeher,usUSA,GK,Red Stars,35,1988,24,,89.0,91.1,23.7,24,89.0,23,0,,0,1.28,29.0,34.0,-5.0,-0.21,0.65,Matches
269,Yūki Nagasato,jpJPN,"MF,FW",Houston Dash,36,1987,21,,50.0,45.3,11.8,14,70.0,0,7,12.0,5,0.76,12.0,25.0,-13.0,-1.1,-0.47,Matches
270,Meaghan Nally,usUSA,DF,Portland Thorns,25,1998,1,45.0,45.0,1.9,0.5,0,,0,1,45.0,8,3.0,1.0,0.0,1.0,2.0,1.96,Matches
271,Carly Nelson,usUSA,GK,Royals,25,1998,1,90.0,90.0,3.8,1.0,1,90.0,1,0,,4,0.0,0.0,2.0,-2.0,-2.0,-1.36,Matches
272,Leilanni Nesbeth,bmBER,"MF,DF",Red Stars,22,2001,18,961.0,53.0,41.1,10.7,10,82.0,3,8,18.0,6,1.16,15.0,16.0,-1.0,-0.09,0.3,Matches
273,Paige Nielsen,usUSA,DF,Houston Dash,30,1993,21,,90.0,80.7,21.0,21,90.0,20,0,,0,0.76,14.0,28.0,-14.0,-0.67,0.93,Matches
274,Paige Nielsen,usUSA,DF,Angel City FC,30,1993,3,270.0,90.0,11.5,3.0,3,90.0,3,0,,1,0.33,3.0,6.0,-3.0,-1.0,-0.57,Matches
275,Jenna Nighswonger,usUSA,DF,Gotham FC,23,2000,26,,77.0,85.8,22.3,23,83.0,13,3,34.0,0,2.14,32.0,18.0,14.0,0.63,-1.27,Matches
276,Agnes Nyberg,seSWE,MF,Royals,23,2000,11,651.0,59.0,27.8,7.2,8,77.0,3,3,11.0,13,0.45,4.0,9.0,-5.0,-0.69,0.0,Matches
277,Danielle O'Brien,,DF,Royals,,,0,,,,,0,,0,0,,3,,,,,,,Matches
278,Kelley O'Hara,usUSA,DF,Gotham FC,35,1988,3,81.0,27.0,3.5,0.9,1,65.0,0,2,8.0,2,2.0,1.0,0.0,1.0,1.11,0.31,Matches
279,Denise O'Sullivan,ieIRL,MF,NC Courage,29,1994,23,,84.0,82.5,21.4,21,88.0,19,2,37.0,0,1.5,30.0,21.0,9.0,0.42,1.08,Matches
280,Isabella Obaze,dkDEN,DF,Portland Thorns,21,2002,13,,78.0,43.5,11.3,12,82.0,9,1,29.0,8,1.46,19.0,19.0,0.0,0.0,-0.14,Matches
281,Bárbara Olivieri,veVEN,"MF,FW",Houston Dash,21,2002,24,,66.0,68.0,17.7,17,83.0,8,7,27.0,0,0.83,17.0,26.0,-9.0,-0.51,1.06,Matches
282,Ifeoma Onumonu,ngNGA,FW,Royals,29,1994,5,112.0,22.0,4.8,1.2,0,,0,5,22.0,0,1.0,1.0,0.0,1.0,0.8,1.57,Matches
283,Diana Ordoñez,mxMEX,"FW,MF",Houston Dash,22,2001,24,,72.0,73.6,19.1,19,85.0,14,5,23.0,1,0.83,12.0,30.0,-18.0,-0.94,-0.36,Matches
284,Asisat Oshoala,ngNGA,FW,Bay FC,29,1994,25,,75.0,79.8,20.7,23,80.0,10,2,17.0,0,1.31,24.0,28.0,-4.0,-0.19,0.95,Matches
285,Avery Patterson,usUSA,"MF,DF",Houston Dash,21,2002,25,,83.0,88.5,23.0,23,87.0,20,2,38.0,1,0.68,18.0,38.0,-20.0,-0.87,-0.2,Matches
286,Catherine Paulson,usUSA,MF,Bay FC,22,2001,0,,,,,0,,0,0,,2,,,,,,,Matches
287,Nicole Payne,ngNGA,DF,Portland Thorns,23,2001,19,,53.0,43.2,11.2,11,80.0,5,8,17.0,3,1.11,18.0,16.0,2.0,0.18,0.18,Matches
288,Maia Pérez,,GK,Reign,,,0,,,,,0,,0,0,,11,,,,,,,Matches
289,Courtney Petersen,usUSA,DF,Racing Louisville,26,1997,7,541.0,77.0,23.1,6.0,6,90.0,6,1,1.0,1,1.29,6.0,8.0,-2.0,-0.33,-0.13,Matches
290,Courtney Petersen,usUSA,"DF,MF",Houston Dash,26,1997,16,,73.0,49.6,12.9,12,87.0,11,4,29.0,1,0.81,9.0,21.0,-12.0,-0.93,-0.17,Matches
291,Alex Pfeiffer,usUSA,FW,Current,16,2007,10,138.0,14.0,5.9,1.5,0,,0,10,14.0,5,2.0,5.0,6.0,-1.0,-0.65,-1.76,Matches
292,Casey Phair,krKOR,FW,Angel City FC,16,2007,0,,,,,0,,0,0,,6,,,,,,,Matches
293,Carson Pickett,usUSA,"DF,MF",Orlando Pride,30,1993,7,391.0,56.0,16.7,4.3,4,78.0,2,3,26.0,1,2.7,6.0,3.0,3.0,0.69,-0.37,Matches
294,Carson Pickett,usUSA,DF,Racing Louisville,30,1993,16,,90.0,61.5,16.0,16,90.0,16,0,,0,1.0,21.0,22.0,-1.0,-0.06,0.44,Matches
295,Kiki Pickett,usUSA,MF,Bay FC,24,1999,20,,83.0,70.5,18.3,18,90.0,17,2,16.0,4,1.48,18.0,23.0,-5.0,-0.27,0.38,Matches
296,Victoria Pickett,caCAN,"FW,MF",NC Courage,27,1996,19,582.0,31.0,24.9,6.5,6,59.0,0,13,17.0,5,1.47,3.0,6.0,-3.0,-0.46,-0.92,Matches
297,Elli Pikkujämsä,fiFIN,DF,Racing Louisville,24,1999,3,251.0,84.0,10.7,2.8,3,84.0,2,0,,0,1.0,4.0,3.0,1.0,0.36,0.66,Matches
298,Brianna Pinto,usUSA,"FW,MF",NC Courage,23,2000,20,764.0,38.0,32.6,8.5,9,61.0,0,11,19.0,2,1.6,12.0,4.0,8.0,0.94,1.06,Matches
299,Madison Pogarch,usUSA,DF,Royals,26,1997,25,,75.0,80.5,20.9,21,83.0,14,4,33.0,1,0.88,20.0,37.0,-17.0,-0.81,-0.62,Matches
300,Maddie Pokorny,usUSA,MF,Racing Louisville,27,1996,12,80.0,7.0,3.4,0.9,0,,0,12,7.0,14,0.92,3.0,3.0,0.0,0.0,0.24,Matches
301,Christen Press,usUSA,FW,Angel City FC,35,1988,9,203.0,23.0,8.7,2.3,1,63.0,0,8,18.0,1,1.22,3.0,6.0,-3.0,-1.33,-0.91,Matches
302,Nichelle Prince,caCAN,"FW,MF",Current,28,1995,13,732.0,56.0,31.3,8.1,9,68.0,2,4,30.0,1,2.0,14.0,7.0,7.0,0.86,-0.2,Matches
303,Lysianne Proulx,caCAN,GK,Bay FC,24,1999,6,540.0,90.0,23.1,6.0,6,90.0,6,0,,9,0.5,9.0,15.0,-6.0,-1.0,-0.8,Matches
304,Sarah Puntigam,atAUT,"MF,DF",Houston Dash,31,1992,23,,69.0,67.8,17.6,18,83.0,10,5,18.0,2,0.83,14.0,27.0,-13.0,-0.74,0.34,Matches
305,Margaret Purce,usUSA,FW,Gotham FC,28,1995,1,44.0,44.0,1.9,0.5,1,44.0,0,0,,0,3.0,0.0,0.0,0.0,0.0,-0.82,Matches
306,Quinn,caCAN,MF,Reign,28,1995,15,,72.0,46.0,12.0,13,78.0,8,2,32.0,0,1.07,12.0,13.0,-1.0,-0.08,1.06,Matches
307,Rafaelle,brBRA,DF,Orlando Pride,32,1991,9,621.0,69.0,26.5,6.9,6,90.0,6,3,27.0,0,3.0,16.0,6.0,10.0,1.45,0.61,Matches
308,Maximiliane Rall,deGER,DF,Red Stars,30,1993,9,800.0,89.0,34.2,8.9,9,89.0,8,0,,5,1.44,13.0,12.0,1.0,0.11,0.58,Matches
309,Brittany Ratcliffe,usUSA,"MF,FW",Washington Spirit,29,1994,23,515.0,22.0,22.0,5.7,3,66.0,1,20,16.0,3,2.24,12.0,6.0,6.0,1.05,0.21,Matches
310,Mackenzie Rath,,,SD Wave,,,0,,,,,0,,0,0,,1,,,,,,,Matches
311,Felicitas Rauch,deGER,DF,NC Courage,27,1996,25,,75.0,80.6,21.0,21,88.0,15,4,12.0,1,1.5,32.0,23.0,9.0,0.43,1.03,Matches
312,Megan Reid,usUSA,DF,Angel City FC,27,1996,23,,78.0,76.8,20.0,19,90.0,19,4,22.0,2,1.13,25.0,30.0,-5.0,-0.25,1.08,Matches
313,Reyna Reyes,mxMEX,"DF,MF",Portland Thorns,22,2001,25,,69.0,74.1,19.3,20,84.0,15,5,12.0,0,1.19,23.0,24.0,-1.0,-0.05,-0.5,Matches
314,Chloe Ricketts,usUSA,MF,Washington Spirit,16,2007,4,20.0,5.0,0.9,0.2,0,,0,4,5.0,15,1.5,1.0,0.0,1.0,4.5,3.65,Matches
315,Kaleigh Riehl,usUSA,DF,Royals,27,1996,14,,90.0,53.8,14.0,14,90.0,14,0,,2,1.36,17.0,18.0,-1.0,-0.07,1.35,Matches
316,Ali Riley,nzNZL,DF,Angel City FC,36,1987,5,260.0,52.0,11.1,2.9,3,79.0,0,2,12.0,5,0.8,3.0,6.0,-3.0,-1.04,-0.61,Matches
317,Gabrielle Robinson,usUSA,DF,Current,22,2001,11,925.0,84.0,39.5,10.3,11,84.0,10,0,,0,2.27,25.0,15.0,10.0,0.97,-0.04,Matches
318,Cari Roccaro,usUSA,"MF,DF",Red Stars,29,1994,26,,90.0,99.6,25.9,26,90.0,25,0,,0,1.19,31.0,38.0,-7.0,-0.27,-0.27,Matches
319,Trinity Rodman,usUSA,MF,Washington Spirit,21,2002,23,,77.0,75.3,19.6,20,82.0,7,3,43.0,0,2.19,42.0,21.0,21.0,1.07,0.76,Matches
320,Izzy Rodriguez,usUSA,DF,Current,24,1999,21,,72.0,64.7,16.8,18,82.0,13,3,13.0,5,1.95,36.0,19.0,17.0,1.01,0.03,Matches
321,Raquel Rodríguez,crCRC,MF,Angel City FC,30,1993,20,,57.0,48.7,12.7,13,80.0,6,7,14.0,4,1.1,16.0,25.0,-9.0,-0.71,-0.41,Matches
322,Cristina Roque,prPUR,GK,Royals,22,2001,1,90.0,90.0,3.8,1.0,1,90.0,1,0,,23,3.0,1.0,0.0,1.0,1.0,1.76,Matches
323,Katelyn Rowland,usUSA,GK,Bay FC,29,1994,20,,90.0,76.9,20.0,20,90.0,20,0,,6,1.48,22.0,26.0,-4.0,-0.2,0.8,Matches
324,Elin Rubensson,seSWE,MF,Houston Dash,30,1993,15,,68.0,43.5,11.3,12,78.0,7,3,29.0,1,0.67,7.0,22.0,-15.0,-1.33,-0.85,Matches
325,Yazmeen Ryan,usUSA,"MF,FW",Gotham FC,24,1999,25,,78.0,82.9,21.5,23,82.0,14,2,31.0,0,2.19,35.0,17.0,18.0,0.84,0.16,Matches
326,Emily Sams,usUSA,DF,Orlando Pride,24,1999,25,,87.0,93.4,24.3,24,90.0,24,1,26.0,0,2.43,45.0,17.0,28.0,1.15,2.32,Matches
327,Ashley Sanchez,usUSA,MF,NC Courage,24,1999,26,,82.0,91.5,23.8,25,84.0,7,1,45.0,0,1.44,29.0,23.0,6.0,0.25,0.25,Matches
328,Maria Sanchez,mxMEX,MF,SD Wave,27,1996,22,,70.0,65.6,17.0,18,78.0,7,4,31.0,0,0.95,17.0,21.0,-4.0,-0.23,0.55,Matches
329,Maria Sanchez,mxMEX,MF,Houston Dash,27,1996,4,347.0,87.0,14.8,3.9,4,87.0,3,0,,0,1.0,5.0,10.0,-5.0,-1.3,-0.53,Matches
330,Leicy Santos,coCOL,"MF,FW",Washington Spirit,27,1996,7,530.0,76.0,22.6,5.9,6,83.0,3,1,30.0,0,2.0,12.0,7.0,5.0,0.85,-0.05,Matches
331,Ouleymata Sarr,frFRA,FW,Washington Spirit,28,1995,19,,70.0,56.8,14.8,19,70.0,4,0,,0,2.16,31.0,16.0,15.0,1.02,0.31,Matches
332,Becky Sauerbrunn,usUSA,DF,Portland Thorns,38,1985,25,,86.0,91.7,23.8,24,89.0,23,1,15.0,1,1.31,31.0,27.0,4.0,0.17,1.1,Matches
333,Ally Schlegel,usUSA,"MF,FW",Red Stars,23,2000,22,,58.0,54.7,14.2,19,64.0,1,3,23.0,1,1.22,19.0,18.0,1.0,0.07,0.75,Matches
334,Sophie Schmidt,caCAN,"MF,DF",Houston Dash,35,1988,23,,80.0,78.3,20.4,21,83.0,14,2,44.0,1,0.7,15.0,34.0,-19.0,-0.93,-0.4,Matches
335,Sydney Schneider,jmJAM,GK,Red Stars,24,1999,0,,,,,0,,0,0,,2,,,,,,,Matches
336,Almuth Schult,deGER,GK,Current,32,1991,9,810.0,90.0,34.6,9.0,9,90.0,9,0,,1,2.09,16.0,5.0,11.0,1.22,0.34,Matches
337,Desiree Scott,caCAN,MF,Current,36,1987,11,136.0,12.0,5.8,1.5,0,,0,11,12.0,11,2.42,0.0,3.0,-3.0,-1.99,-3.17,Matches
338,Emma Sears,usUSA,MF,Racing Louisville,22,2001,26,,57.0,63.3,16.5,12,84.0,5,14,34.0,0,1.08,19.0,27.0,-8.0,-0.49,-0.7,Matches
339,Olivia Sekany,usUSA,GK,Racing Louisville,25,1998,0,,,,,0,,0,0,,6,,,,,,,Matches
340,Ally Sentnor,usUSA,"MF,FW",Royals,19,2004,21,,89.0,79.7,20.7,21,89.0,17,0,,0,0.9,16.0,34.0,-18.0,-0.87,-0.87,Matches
341,Kayla Sharples,usUSA,DF,Bay FC,26,1997,15,,75.0,48.3,12.6,12,89.0,11,3,20.0,2,1.2,15.0,24.0,-9.0,-0.72,-0.64,Matches
342,Kayla Sharples,usUSA,DF,Current,26,1997,8,689.0,86.0,29.4,7.7,8,86.0,7,0,,1,2.3,15.0,3.0,12.0,1.57,0.8,Matches
343,Jaedyn Shaw,usUSA,"MF,FW",SD Wave,19,2004,22,,57.0,53.3,13.9,13,74.0,2,9,32.0,0,1.09,12.0,14.0,-2.0,-0.14,0.6,Matches
344,Delanie Sheehan,usUSA,MF,Gotham FC,25,1999,26,,81.0,89.7,23.3,25,83.0,15,1,28.0,0,2.14,35.0,18.0,17.0,0.73,-0.76,Matches
345,Jamie Shepherd,usUSA,MF,Bay FC,23,2000,2,155.0,78.0,6.6,1.7,2,78.0,1,0,,20,0.0,3.0,5.0,-2.0,-1.16,-0.83,Matches
346,Kailen Sheridan,caCAN,GK,SD Wave,28,1995,25,,89.0,94.8,24.7,25,89.0,24,0,,0,0.88,22.0,33.0,-11.0,-0.45,-0.45,Matches
347,Marissa Sheva,ieIRL,MF,Portland Thorns,26,1997,6,86.0,14.0,3.7,1.0,0,,0,6,14.0,14,2.17,2.0,1.0,1.0,1.05,1.01,Matches
348,Lena Silano,usUSA,FW,Washington Spirit,23,2000,12,152.0,13.0,6.5,1.7,0,,0,12,13.0,11,2.07,3.0,3.0,0.0,0.0,-0.95,Matches
349,Jordan Silkowitz,usUSA,GK,Bay FC,23,2000,0,,,,,0,,0,0,,7,,,,,,,Matches
350,Jordan Silkowitz,usUSA,GK,Current,23,2000,0,,,,,0,,0,0,,16,,,,,,,Matches
351,Jéssica Silva,ptPOR,"FW,MF",Gotham FC,29,1994,3,61.0,20.0,2.6,0.7,0,,0,3,20.0,2,1.75,2.0,0.0,2.0,2.95,2.2,Matches
352,Christine Sinclair,caCAN,FW,Portland Thorns,40,1983,24,,52.0,53.3,13.9,16,67.0,1,8,21.0,2,1.24,20.0,16.0,4.0,0.29,0.45,Matches
353,Abby Smith,usUSA,GK,Gotham FC,30,1993,0,,,,,0,,0,0,,1,,,,,,,Matches
354,Olivia Smith-Griffitts,usUSA,DF,Royals,22,2001,13,,85.0,47.3,12.3,13,85.0,12,0,,0,0.77,10.0,19.0,-9.0,-0.73,-0.08,Matches
355,Ji So-yun,krKOR,"MF,FW",Reign,32,1991,26,,79.0,87.4,22.7,22,88.0,11,4,28.0,0,0.88,20.0,32.0,-12.0,-0.53,0.99,Matches
356,Havana Solaun,jmJAM,MF,Houston Dash,30,1993,5,167.0,33.0,7.1,1.9,1,61.0,0,4,27.0,3,0.8,2.0,4.0,-2.0,-1.08,-0.25,Matches
357,Janine Sonis,caCAN,MF,Racing Louisville,29,1994,10,689.0,69.0,29.4,7.7,8,80.0,1,2,26.0,0,1.2,5.0,12.0,-7.0,-0.91,-0.97,Matches
358,Janine Sonis,caCAN,"MF,FW",Portland Thorns,29,1994,16,917.0,57.0,39.2,10.2,10,68.0,2,6,39.0,0,1.69,18.0,13.0,5.0,0.49,0.68,Matches
359,Emily Sonnett,usUSA,"DF,MF",Gotham FC,30,1993,25,,86.0,92.1,23.9,25,86.0,21,0,,0,2.11,37.0,19.0,18.0,0.75,-0.7,Matches
360,Croix Soto,,DF,Houston Dash,,,3,30.0,10.0,1.3,0.3,0,,0,3,10.0,11,1.0,1.0,3.0,-2.0,-6.0,-5.22,Matches
361,Alexa Spaanstra,usUSA,"MF,FW",Portland Thorns,23,2000,8,322.0,40.0,13.8,3.6,4,75.0,0,4,6.0,2,0.67,2.0,7.0,-5.0,-1.4,-1.71,Matches
362,Alexa Spaanstra,usUSA,"MF,FW",Current,23,2000,11,592.0,54.0,25.3,6.6,8,69.0,0,3,13.0,5,2.45,16.0,8.0,8.0,1.22,0.29,Matches
363,Meredith Speck,usUSA,MF,NC Courage,30,1993,11,213.0,19.0,9.1,2.4,1,64.0,0,10,15.0,9,1.33,5.0,3.0,2.0,0.85,0.68,Matches
364,Jasmyne Spencer,usUSA,DF,Angel City FC,33,1990,24,,68.0,69.5,18.1,16,86.0,11,8,32.0,2,1.0,21.0,28.0,-7.0,-0.39,0.37,Matches
365,Bianca St-Georges,caCAN,"MF,FW",NC Courage,26,1997,21,776.0,37.0,33.2,8.6,8,65.0,1,13,20.0,3,1.45,14.0,9.0,5.0,0.58,0.52,Matches
366,Samantha Staab,usUSA,DF,Red Stars,26,1997,16,,90.0,61.5,16.0,16,90.0,16,0,,0,1.44,23.0,22.0,1.0,0.06,0.86,Matches
367,Heather Stainbrook,usUSA,MF,Washington Spirit,22,2001,11,442.0,40.0,18.9,4.9,4,86.0,3,7,14.0,14,2.38,8.0,4.0,4.0,0.81,-0.09,Matches
368,Hannah Stambaugh,jpJPN,GK,Angel City FC,25,1998,0,,,,,0,,0,0,,6,,,,,,,Matches
369,Nikki Stanton,usUSA,MF,Reign,33,1990,7,117.0,17.0,5.0,1.3,0,,0,7,17.0,11,0.71,1.0,4.0,-3.0,-2.31,-1.74,Matches
370,Talia Staude,usUSA,DF,NC Courage,22,2001,0,,,,,0,,0,0,,1,,,,,,,Matches
371,Regan Steigleder,noNOR,DF,Current,25,1998,3,72.0,24.0,3.1,0.8,1,45.0,0,2,14.0,11,2.33,1.0,1.0,0.0,0.0,-1.03,Matches
372,Katie Stengel,usUSA,"MF,FW",Gotham FC,31,1992,15,830.0,55.0,35.5,9.2,8,80.0,3,7,28.0,0,1.8,11.0,9.0,2.0,0.22,-0.92,Matches
373,Ella Stevens,usUSA,"FW,MF",Gotham FC,26,1997,22,,53.0,49.6,12.9,15,68.0,0,7,19.0,2,2.08,28.0,8.0,20.0,1.55,1.48,Matches
374,Kylie Strom,usUSA,DF,Orlando Pride,31,1992,25,,86.0,92.2,24.0,24,89.0,23,1,27.0,0,2.43,44.0,19.0,25.0,1.04,0.55,Matches
375,Hina Sugita,jpJPN,MF,Portland Thorns,27,1997,21,,79.0,71.2,18.5,18,88.0,12,3,29.0,0,1.36,30.0,22.0,8.0,0.43,1.23,Matches
376,Andi Sullivan,usUSA,MF,Washington Spirit,28,1995,21,,81.0,73.0,19.0,21,81.0,11,0,,1,2.19,38.0,23.0,15.0,0.79,-0.35,Matches
377,Mallory Swanson,usUSA,"MF,FW",Red Stars,25,1998,24,,84.0,86.5,22.5,24,84.0,16,0,,0,1.28,29.0,32.0,-3.0,-0.13,1.01,Matches
378,Frankie Tagliaferri,usUSA,MF,Royals,25,1999,6,265.0,44.0,11.3,2.9,4,59.0,0,2,16.0,7,0.5,2.0,6.0,-4.0,-1.36,-0.75,Matches
379,Mina Tanaka,jpJPN,"MF,FW",Royals,29,1994,7,507.0,72.0,21.7,5.6,7,72.0,2,0,,1,1.86,11.0,6.0,5.0,0.89,2.02,Matches
380,Riley Tanner,paPAN,FW,Washington Spirit,24,1999,0,,,,,0,,0,0,,1,,,,,,,Matches
381,Tarciane,brBRA,DF,Houston Dash,20,2003,11,913.0,83.0,39.0,10.1,10,90.0,9,1,16.0,0,0.73,8.0,11.0,-3.0,-0.3,0.9,Matches
382,Ana Tejada,esESP,"MF,DF",Royals,21,2002,15,,88.0,56.2,14.6,15,88.0,12,0,,0,1.4,16.0,20.0,-4.0,-0.27,0.96,Matches
383,Alyssa Thompson,usUSA,"MF,FW",Angel City FC,19,2004,26,,82.0,91.6,23.8,24,87.0,16,2,28.0,0,1.04,28.0,34.0,-6.0,-0.25,2.96,Matches
384,Gisele Thompson,usUSA,"DF,MF",Angel City FC,18,2005,15,882.0,59.0,37.7,9.8,10,77.0,2,5,23.0,2,0.87,7.0,19.0,-12.0,-1.22,-1.16,Matches
385,Kaitlyn Torpey,auAUS,DF,SD Wave,23,2000,14,520.0,37.0,22.2,5.8,4,76.0,2,10,22.0,5,0.86,6.0,10.0,-4.0,-0.69,-0.35,Matches
386,Taryn Torres,usUSA,DF,Gotham FC,24,1999,12,164.0,14.0,7.0,1.8,1,71.0,0,11,8.0,11,1.75,2.0,2.0,0.0,0.0,-0.87,Matches
387,Cameron Tucker,usUSA,"FW,MF",Royals,24,1999,18,564.0,31.0,24.1,6.3,3,62.0,0,15,25.0,7,0.83,3.0,8.0,-5.0,-0.8,-0.14,Matches
388,Reilyn Turner,usUSA,FW,Racing Louisville,21,2002,16,733.0,46.0,31.3,8.1,7,69.0,0,9,28.0,0,1.0,14.0,11.0,3.0,0.37,0.87,Matches
389,Reilyn Turner,usUSA,MF,Portland Thorns,21,2002,6,188.0,31.0,8.0,2.1,1,45.0,0,5,29.0,1,0.14,1.0,4.0,-3.0,-1.44,-1.65,Matches
390,Olivia Van der Jagt,usUSA,MF,Reign,24,1999,15,769.0,51.0,32.9,8.5,7,68.0,1,8,37.0,0,0.67,6.0,16.0,-10.0,-1.17,-0.77,Matches
391,Kiki Van Zanten,jmJAM,MF,Houston Dash,22,2001,4,113.0,28.0,4.8,1.3,1,59.0,0,3,18.0,0,1.0,1.0,6.0,-5.0,-3.98,-3.3,Matches
392,Michele Vasconcelos,usUSA,"MF,FW",Royals,29,1994,14,262.0,19.0,11.2,2.9,2,58.0,0,12,12.0,9,0.86,3.0,8.0,-5.0,-1.72,-1.15,Matches
393,Mary Vignola,usUSA,"DF,FW",Angel City FC,25,1998,17,827.0,49.0,35.3,9.2,10,68.0,4,7,21.0,2,1.0,8.0,15.0,-7.0,-0.76,-0.4,Matches
394,Viviana Villacorta,usUSA,MF,Orlando Pride,24,1999,3,71.0,24.0,3.0,0.8,1,45.0,0,2,13.0,2,2.25,3.0,1.0,2.0,2.54,1.58,Matches
395,Cortnee Vine,auAUS,"MF,FW",NC Courage,25,1998,4,233.0,58.0,10.0,2.6,2,88.0,1,2,29.0,1,1.4,3.0,3.0,0.0,0.0,-0.26,Matches
396,Olivia Wade-Katoa,usUSA,MF,Portland Thorns,24,1999,5,37.0,7.0,1.6,0.4,0,,0,5,7.0,13,1.6,1.0,0.0,1.0,2.43,2.39,Matches
397,Jenna Walker,usUSA,DF,NC Courage,24,1999,0,,,,,0,,0,0,,16,,,,,,,Matches
398,Ally Watt,usUSA,"FW,MF",Orlando Pride,26,1997,22,887.0,40.0,37.9,9.9,9,71.0,0,13,19.0,3,2.44,17.0,9.0,8.0,0.81,-0.3,Matches
399,Dani Weatherholt,usUSA,"DF,MF",NC Courage,29,1994,21,840.0,40.0,35.9,9.3,8,82.0,3,13,14.0,2,1.62,11.0,7.0,4.0,0.43,0.31,Matches
400,Morgan Weaver,usUSA,"FW,MF",Portland Thorns,26,1997,14,933.0,67.0,39.9,10.4,11,78.0,4,3,25.0,0,1.13,18.0,17.0,1.0,0.1,0.03,Matches
401,McKenzie Weinert,,FW,Reign,,,4,28.0,7.0,1.2,0.3,0,,0,4,7.0,4,0.75,1.0,0.0,1.0,3.21,3.91,Matches
402,Kennedy Wesley,usUSA,DF,SD Wave,22,2001,13,,77.0,43.0,11.2,12,81.0,9,1,33.0,4,1.15,11.0,15.0,-4.0,-0.36,0.12,Matches
403,Amanda West,caCAN,"MF,FW",Houston Dash,22,2001,16,730.0,46.0,31.2,8.1,6,77.0,1,10,27.0,0,1.0,6.0,9.0,-3.0,-0.37,0.69,Matches
404,Christen Westphal,usUSA,DF,SD Wave,30,1993,15,729.0,49.0,31.2,8.1,8,79.0,5,7,13.0,10,1.13,11.0,8.0,3.0,0.37,1.15,Matches
405,Ellie Wheeler,usUSA,"DF,MF",Current,22,2001,23,,62.0,61.1,15.9,14,87.0,13,9,24.0,3,2.04,34.0,24.0,10.0,0.63,-0.95,Matches
406,Madison White,usUSA,GK,Racing Louisville,22,2001,0,,,,,0,,0,0,,3,,,,,,,Matches
407,Kate Wiesner,usUSA,"DF,MF",Washington Spirit,22,2001,15,518.0,35.0,22.1,5.8,5,62.0,1,10,21.0,1,2.06,10.0,7.0,3.0,0.52,-0.47,Matches
408,Ryan Williams,usUSA,DF,NC Courage,27,1996,25,,89.0,95.6,24.9,25,89.0,24,0,,0,1.46,34.0,27.0,7.0,0.28,1.16,Matches
409,Sophia Wilson,usUSA,"FW,MF",Portland Thorns,23,2000,19,,81.0,66.2,17.2,18,84.0,11,1,29.0,0,1.45,30.0,24.0,6.0,0.35,0.8,Matches
410,Olivia Wingate,usUSA,FW,NC Courage,23,2000,10,360.0,36.0,15.4,4.0,1,84.0,0,9,31.0,0,1.27,7.0,7.0,0.0,0.0,-0.27,Matches
411,Mackenzie Wood,usUSA,GK,Red Stars,23,2000,3,209.0,70.0,8.9,2.3,2,90.0,2,1,29.0,23,1.0,2.0,4.0,-2.0,-0.86,-0.65,Matches
412,Lily Woodham,wlsWAL,DF,Reign,23,2000,8,388.0,49.0,16.6,4.3,5,64.0,0,3,22.0,8,0.63,5.0,6.0,-1.0,-0.23,0.51,Matches
413,Arin Wright,usUSA,DF,Racing Louisville,31,1992,22,,82.0,77.3,20.1,21,86.0,20,1,1.0,2,1.18,27.0,30.0,-3.0,-0.15,0.36,Matches
414,Summer Yates,usUSA,MF,Orlando Pride,23,2000,25,,53.0,56.7,14.7,17,64.0,0,8,30.0,0,2.36,31.0,9.0,22.0,1.49,1.14,Matches
415,Katie Zelem,engENG,MF,Angel City FC,28,1996,10,744.0,74.0,31.8,8.3,8,84.0,5,2,36.0,0,1.2,9.0,14.0,-5.0,-0.6,-0.15,Matches
416,McCall Zerboni,usUSA,MF,Gotham FC,37,1986,13,168.0,13.0,7.2,1.9,0,,0,13,13.0,3,2.4,1.0,1.0,0.0,0.0,-0.87,Matches
417,Claudia Zornoza,esESP,MF,Royals,33,1990,10,844.0,84.0,36.1,9.4,10,84.0,8,0,,0,1.6,14.0,11.0,3.0,0.32,1.58,Matches
