ranker,player,nationality,position,team,age,birth_year,minutes_90s,goals,shots,shots_on_target,shots_on_target_pct,shots_per90,shots_on_target_per90,goals_per_shot,goals_per_shot_on_target,pens_made,pens_att,matches
1,Kerry Abello,usUSA,MF,Orlando Pride,23,1999,14.0,1,25,9,36.0,1.79,0.64,0.04,0.11,0,0,Matches
2,Adriana,brBRA,"MF,FW",Orlando Pride,26,1996,18.3,6,58,25,43.1,3.18,1.37,0.1,0.24,0,0,Matches
3,Jillienne Aguilera,prPUR,DF,Red Stars,25,1998,2.1,0,4,0,0.0,1.95,0.0,0.0,,0,0,Matches
4,Amirah Ali,usUSA,"FW,MF",SD Wave,24,1998,5.1,2,16,5,31.3,3.12,0.97,0.13,0.4,0,0,Matches
5,Amanda Allen,caCAN,FW,Orlando Pride,17,2005,0.1,0,1,0,0.0,8.18,0.0,0.0,,0,0,Matches
6,Michelle Alozie,ngNGA,"FW,DF",Houston Dash,25,1997,11.2,4,29,8,27.6,2.6,0.72,0.14,0.5,0,0,Matches
7,Angelina Anderson,usUSA,GK,Angel City FC,21,2001,4.0,0,0,0,,0.0,0.0,,,0,0,Matches
8,Joelle Anderson,usUSA,MF,Houston Dash,24,1998,12.0,1,25,8,32.0,2.09,0.67,0.04,0.13,0,0,Matches
9,Andressa,brBRA,MF,Houston Dash,30,1992,3.4,1,13,3,23.1,3.81,0.88,0.08,0.33,0,0,Matches
10,Angelina,brBRA,MF,Reign,23,2000,0.4,0,0,0,,0.0,0.0,,,0,0,Matches
11,Ary Borges,brBRA,MF,Racing Louisville,23,1999,16.2,1,32,10,31.3,1.98,0.62,0.03,0.1,0,0,Matches
12,Olivia Athens,usUSA,MF,Reign,23,1999,1.4,0,0,0,,0.0,0.0,,,0,0,Matches
13,Taylor Aylmer,usUSA,MF,Racing Louisville,24,1998,1.0,0,0,0,,0.0,0.0,,,0,0,Matches
14,Jordan Baggett,usUSA,MF,Racing Louisville,26,1996,2.8,1,2,1,50.0,0.71,0.36,0.5,1.0,0,0,Matches
15,Jordan Baggett,usUSA,MF,Washington Spirit,26,1996,0.0,0,0,0,,0.0,0.0,,,0,0,Matches
16,Dorian Bailey,usUSA,DF,Washington Spirit,26,1997,14.2,0,4,2,50.0,0.28,0.14,0.0,0.0,0,0,Matches
17,Elizabeth Ball,usUSA,DF,Current,27,1995,10.7,0,7,2,28.6,0.66,0.19,0.0,0.0,0,0,Matches
18,Stine Ballisager Pedersen,dkDEN,DF,Current,29,1994,2.5,0,1,0,0.0,0.4,0.0,0.0,,0,0,Matches
19,Melanie Barcenas,usUSA,FW,SD Wave,15,2007,1.4,0,8,4,50.0,5.85,2.93,0.0,0.0,0,0,Matches
20,Lauren Barnes,usUSA,DF,Reign,33,1989,21.4,0,2,0,0.0,0.09,0.0,0.0,,0,0,Matches
21,Nicole Barnhart,usUSA,GK,Washington Spirit,41,1981,2.0,0,0,0,,0.0,0.0,,,0,0,Matches
22,Natalie Beckman,usUSA,FW,Portland Thorns,22,2000,0.1,0,0,0,,0.0,0.0,,,0,0,Matches
23,Elyse Bennett,usUSA,"FW,MF",Reign,23,1999,7.7,2,24,10,41.7,3.1,1.29,0.08,0.2,0,0,Matches
24,Malia Berkely,usUSA,DF,NC Courage,24,1998,16.8,0,4,2,50.0,0.24,0.12,0.0,0.0,0,0,Matches
25,Hannah Betfort,usUSA,FW,Portland Thorns,24,1999,5.3,2,14,6,42.9,2.64,1.13,0.14,0.33,0,0,Matches
26,Camryn Biegalski,usUSA,MF,Washington Spirit,24,1998,3.1,0,1,0,0.0,0.32,0.0,0.0,,0,0,Matches
27,Jenna Bike,usUSA,MF,Red Stars,24,1998,4.8,0,5,0,0.0,1.04,0.0,0.0,,0,0,Matches
28,Bella Bixby,usUSA,GK,Portland Thorns,27,1995,21.0,1,1,1,100.0,0.05,0.05,1.0,1.0,0,0,Matches
29,Lynn Biyendolo,usUSA,"FW,MF",Gotham FC,29,1993,18.4,7,76,33,43.4,4.14,1.8,0.08,0.18,1,1,Matches
30,Tess Boade,usUSA,FW,NC Courage,23,1999,8.0,1,17,5,29.4,2.14,0.63,0.06,0.2,0,0,Matches
31,Bethany Bos,usUSA,"MF,FW",Reign,25,1997,15.6,6,37,15,40.5,2.37,0.96,0.16,0.4,0,0,Matches
32,Emily Boyd,usUSA,GK,Red Stars,26,1996,2.0,0,0,0,,0.0,0.0,,,0,0,Matches
33,Isabella Briede,usUSA,MF,SD Wave,24,1998,2.8,1,5,3,60.0,1.77,1.06,0.2,0.33,0,0,Matches
34,Messiah Bright,usUSA,FW,Orlando Pride,23,2000,15.2,6,42,14,33.3,2.76,0.92,0.14,0.43,0,0,Matches
35,Amber Brooks,usUSA,"DF,MF",Washington Spirit,32,1991,6.8,0,4,0,0.0,0.59,0.0,0.0,,0,0,Matches
36,Ryanne Brown,usUSA,DF,Reign,24,1999,3.7,0,0,0,,0.0,0.0,,,0,0,Matches
37,Bruninha,brBRA,DF,Gotham FC,20,2002,15.4,2,4,3,75.0,0.26,0.2,0.5,0.67,0,0,Matches
38,Haley Bugeja,mtMLT,FW,Orlando Pride,18,2004,0.3,0,0,0,,0.0,0.0,,,0,0,Matches
39,Anaïg Butel,frFRA,DF,Washington Spirit,30,1992,5.1,0,1,0,0.0,0.19,0.0,0.0,,0,0,Matches
40,Scarlett Camberos,mxMEX,MF,Angel City FC,22,2000,10.1,1,24,7,29.2,2.37,0.69,0.04,0.14,0,0,Matches
41,Jane Campbell,usUSA,GK,Houston Dash,27,1995,22.0,0,0,0,,0.0,0.0,,,0,0,Matches
42,Marley Canales,usUSA,MF,Reign,25,1997,0.0,0,0,0,,0.0,0.0,,,0,0,Matches
43,Gabrielle Carle,caCAN,DF,Washington Spirit,24,1998,21.1,0,3,0,0.0,0.14,0.0,0.0,,0,0,Matches
44,Kyra Carusa,ieIRL,"FW,MF",SD Wave,27,1995,3.8,2,8,4,50.0,2.11,1.05,0.25,0.5,0,0,Matches
45,Allysha Chapman,caCAN,DF,Houston Dash,34,1989,11.4,0,2,1,50.0,0.18,0.09,0.0,0.0,0,0,Matches
46,Simone Charley,usUSA,FW,Angel City FC,27,1995,0.6,0,1,0,0.0,1.55,0.0,0.0,,0,0,Matches
47,Alex Chidiac,auAUS,MF,Racing Louisville,24,1999,1.6,0,2,1,50.0,1.29,0.64,0.0,0.0,0,0,Matches
48,Rylan Childers,,MF,Current,,,0.2,0,0,0,,0.0,0.0,,,0,0,Matches
49,Mikayla Cluff,usUSA,MF,Orlando Pride,23,1999,16.8,2,23,5,21.7,1.37,0.3,0.09,0.4,0,0,Matches
50,Sam Coffey,usUSA,MF,Portland Thorns,24,1998,21.8,0,15,2,13.3,0.69,0.09,0.0,0.0,0,0,Matches
51,Danielle Colaprico,usUSA,MF,SD Wave,29,1993,19.2,0,9,1,11.1,0.47,0.05,0.0,0.0,0,0,Matches
52,Kaylie Collins,usUSA,GK,Orlando Pride,24,1998,1.0,0,0,0,,0.0,0.0,,,0,0,Matches
53,Sydney Collins,caCAN,DF,NC Courage,23,1999,2.2,0,0,0,,0.0,0.0,,,0,0,Matches
54,Shea Connors,usUSA,FW,SD Wave,26,1996,0.0,0,0,0,,0.0,0.0,,,0,0,Matches
55,Alana Cook,usUSA,DF,Reign,25,1997,17.5,0,3,0,0.0,0.17,0.0,0.0,,0,0,Matches
56,Ava Cook,usUSA,"MF,FW",Red Stars,22,2000,10.7,3,17,4,23.5,1.59,0.37,0.18,0.75,0,0,Matches
57,Michelle Cooper,usUSA,"MF,FW",Current,20,2002,18.1,3,38,18,47.4,2.1,0.99,0.03,0.06,2,2,Matches
58,Chai Cortez,usUSA,DF,SD Wave,24,1998,0.7,0,0,0,,0.0,0.0,,,0,0,Matches
59,Caitlin Cosme,prPUR,DF,Orlando Pride,24,1999,4.0,0,1,0,0.0,0.25,0.0,0.0,,0,0,Matches
60,Chardonnay Curran,usUSA,MF,Current,23,1999,3.4,0,4,2,50.0,1.17,0.58,0.0,0.0,0,0,Matches
61,Izzy D'Aquila,usUSA,FW,Portland Thorns,21,2001,3.8,0,17,5,29.4,4.42,1.3,0.0,0.0,0,0,Matches
62,Abby Dahlkemper,usUSA,DF,SD Wave,29,1993,5.0,1,4,2,50.0,0.8,0.4,0.25,0.5,0,0,Matches
63,Tierna Davidson,usUSA,DF,Red Stars,24,1998,17.9,0,1,0,0.0,0.06,0.0,0.0,,0,0,Matches
64,Kirsten Davis,usUSA,FW,Racing Louisville,24,1998,13.4,4,36,13,36.1,2.69,0.97,0.11,0.31,0,0,Matches
65,Debinha,brBRA,"MF,FW",Current,31,1991,16.9,9,39,17,43.6,2.3,1.0,0.18,0.41,2,2,Matches
66,Kate Del Fava,usUSA,"DF,MF",Current,24,1998,20.3,0,9,1,11.1,0.44,0.05,0.0,0.0,0,0,Matches
67,Cece Delzer,usUSA,"MF,FW",Current,25,1997,16.2,6,30,14,46.7,1.85,0.86,0.2,0.43,0,0,Matches
68,Savannah Demelo,usUSA,"MF,FW",Racing Louisville,24,1998,17.6,5,53,14,26.4,3.01,0.8,0.06,0.21,2,3,Matches
69,Madelyn Desiano,usUSA,DF,Houston Dash,22,2000,0.3,0,1,0,0.0,3.91,0.0,0.0,,0,0,Matches
70,Vanessa DiBernardo,usUSA,MF,Current,30,1992,10.7,0,19,7,36.8,1.78,0.66,0.0,0.0,0,0,Matches
71,Claudia Dickey,usUSA,GK,Reign,23,2000,6.0,0,0,0,,0.0,0.0,,,0,0,Matches
72,Marisa DiGrande,usUSA,MF,Houston Dash,25,1997,15.0,0,20,6,30.0,1.34,0.4,0.0,0.0,0,0,Matches
73,Makenzy Doniak,usUSA,"MF,FW",SD Wave,28,1994,12.5,3,31,13,41.9,2.48,1.04,0.1,0.23,0,0,Matches
74,Meggie Dougherty Howard,usUSA,MF,SD Wave,27,1995,6.4,0,11,1,9.1,1.71,0.16,0.0,0.0,0,0,Matches
75,Nicole Douglas,engENG,MF,Washington Spirit,22,2000,1.8,0,4,1,25.0,2.24,0.56,0.0,0.0,0,0,Matches
76,Julie Doyle,usUSA,"MF,FW",Orlando Pride,24,1998,9.2,2,17,6,35.3,1.85,0.65,0.12,0.33,0,0,Matches
77,Crystal Dunn,usUSA,MF,Portland Thorns,30,1992,14.5,5,34,19,55.9,2.35,1.31,0.15,0.26,0,0,Matches
78,Caprice Dydasco,usUSA,"DF,MF",Houston Dash,29,1993,21.9,0,9,1,11.1,0.41,0.05,0.0,0.0,0,0,Matches
79,Elizabeth Eddy,usUSA,MF,Angel City FC,31,1991,0.6,0,3,0,0.0,4.91,0.0,0.0,,0,0,Matches
80,Kristen Edmonds,usUSA,DF,Gotham FC,35,1987,11.5,0,4,0,0.0,0.35,0.0,0.0,,0,0,Matches
81,Emily van Egmond,auAUS,MF,SD Wave,29,1993,8.5,0,11,3,27.3,1.29,0.35,0.0,0.0,0,0,Matches
82,Emina Ekic,usUSA,MF,Racing Louisville,23,1999,0.1,0,1,0,0.0,18.0,0.0,0.0,,0,0,Matches
83,Madison Elwell,usUSA,MF,Washington Spirit,23,1999,1.5,0,0,0,,0.0,0.0,,,0,0,Matches
84,Claire Emslie,sctSCO,"MF,FW",Angel City FC,28,1994,14.1,3,34,10,29.4,2.41,0.71,0.06,0.2,1,2,Matches
85,Jun Endō,jpJPN,"MF,FW",Angel City FC,22,2000,10.1,3,16,6,37.5,1.58,0.59,0.19,0.5,0,0,Matches
86,Sierra Enge,usUSA,"MF,DF",SD Wave,22,2000,7.8,2,3,2,66.7,0.39,0.26,0.67,1.0,0,0,Matches
87,Abby Erceg,nzNZL,DF,Racing Louisville,33,1989,22.0,2,16,7,43.8,0.73,0.32,0.13,0.29,0,0,Matches
88,Julie Ertz,usUSA,MF,Angel City FC,30,1992,6.3,1,8,2,25.0,1.26,0.32,0.13,0.5,0,0,Matches
89,Sinead Farrelly,ieIRL,MF,Gotham FC,33,1989,9.1,0,6,2,33.3,0.66,0.22,0.0,0.0,0,0,Matches
90,Millie Farrow,engENG,FW,NC Courage,26,1996,0.5,0,2,0,0.0,3.67,0.0,0.0,,0,0,Matches
91,Bayley Feist,usUSA,"MF,FW",Washington Spirit,25,1997,2.0,0,3,0,0.0,1.53,0.0,0.0,,0,0,Matches
92,Sami Feller,,MF,Red Stars,22,2000,0.1,0,0,0,,0.0,0.0,,,0,0,Matches
93,Kayla Fischer,usUSA,MF,Racing Louisville,23,2000,5.1,0,16,3,18.8,3.12,0.58,0.0,0.0,0,0,Matches
94,Samantha Fisher,svSLV,MF,Red Stars,23,1999,1.7,0,0,0,,0.0,0.0,,,0,0,Matches
95,Jess Fishlock,wlsWAL,MF,Reign,36,1987,14.4,4,41,11,26.8,2.84,0.76,0.1,0.36,0,0,Matches
96,Taylor Flint,usUSA,"MF,FW",SD Wave,24,1998,7.6,1,21,8,38.1,2.78,1.06,0.05,0.13,0,0,Matches
97,Sabrina Flores,usUSA,DF,Gotham FC,27,1996,0.0,0,0,0,,0.0,0.0,,,0,0,Matches
98,Emily Fox,usUSA,DF,NC Courage,24,1998,17.2,0,10,2,20.0,0.58,0.12,0.0,0.0,0,0,Matches
99,Adrianna Franch,usUSA,GK,Current,32,1990,12.0,0,0,0,,0.0,0.0,,,0,0,Matches
100,Mandy Freeman,usUSA,DF,Gotham FC,27,1995,5.7,0,0,0,,0.0,0.0,,,0,0,Matches
101,Ryan Gareis,usUSA,FW,Houston Dash,24,1998,4.0,0,5,1,20.0,1.24,0.25,0.0,0.0,0,0,Matches
102,Morgan Gautrat,usUSA,MF,Current,29,1993,2.6,0,4,1,25.0,1.52,0.38,0.0,0.0,0,0,Matches
103,Mille Gejl,dkDEN,"MF,FW",NC Courage,23,1999,5.5,2,10,5,50.0,1.83,0.91,0.2,0.4,0,0,Matches
104,Naomi Girma,usUSA,DF,SD Wave,22,2000,19.0,0,0,0,,0.0,0.0,,,0,0,Matches
105,Parker Goins,usUSA,MF,Racing Louisville,24,1998,1.5,1,5,2,40.0,3.24,1.29,0.2,0.5,0,0,Matches
106,Esther González,esESP,"FW,MF",Gotham FC,30,1992,3.8,2,17,8,47.1,4.49,2.11,0.12,0.25,0,0,Matches
107,Sarah Gorden,usUSA,DF,Angel City FC,30,1992,22.0,0,5,2,40.0,0.23,0.09,0.0,0.0,0,0,Matches
108,Sarah Griffith,usUSA,MF,Red Stars,23,1999,2.9,0,9,2,22.2,3.13,0.69,0.0,0.0,0,0,Matches
109,Shea Groom,usUSA,"FW,MF",Houston Dash,29,1993,0.1,0,0,0,,0.0,0.0,,,0,0,Matches
110,Mia Gyau,usUSA,DF,SD Wave,24,1998,0.0,0,0,0,,0.0,0.0,,,0,0,Matches
111,Kristen Hamilton,usUSA,FW,Current,30,1992,9.5,2,18,8,44.4,1.89,0.84,0.11,0.25,0,0,Matches
112,Madison Hammond,usUSA,"MF,DF",Angel City FC,25,1997,13.3,1,11,2,18.2,0.83,0.15,0.09,0.5,0,0,Matches
113,DiDi Haracic,baBIH,GK,Angel City FC,30,1992,18.0,0,0,0,,0.0,0.0,,,0,0,Matches
114,Jyllissa Harris,usUSA,DF,Houston Dash,22,2000,0.1,0,0,0,,0.0,0.0,,,0,0,Matches
115,Ashley Hatch,usUSA,"FW,MF",Washington Spirit,27,1995,20.3,9,56,25,44.6,2.75,1.23,0.07,0.16,5,5,Matches
116,Kelcie Hedge,usUSA,MF,Houston Dash,25,1997,0.0,0,0,0,,0.0,0.0,,,0,0,Matches
117,Amandine Henry,frFRA,MF,Angel City FC,33,1989,3.5,0,4,3,75.0,1.14,0.85,0.0,0.0,0,0,Matches
118,Samantha Hiatt,usUSA,DF,Reign,25,1998,15.4,0,4,1,25.0,0.26,0.06,0.0,0.0,0,0,Matches
119,Rachel Hill,usUSA,"MF,FW",SD Wave,27,1995,11.9,0,9,3,33.3,0.76,0.25,0.0,0.0,0,0,Matches
120,Sophie Hirst,usUSA,MF,Houston Dash,22,2000,7.0,1,5,2,40.0,0.71,0.29,0.2,0.5,0,0,Matches
121,Penelope Hocking,usUSA,MF,Red Stars,23,1999,13.1,3,34,12,35.3,2.6,0.92,0.09,0.25,0,0,Matches
122,Shelby Hogan,usUSA,GK,Portland Thorns,24,1998,1.0,0,0,0,,0.0,0.0,,,0,0,Matches
123,Rebecca Holloway,nirNIR,DF,Racing Louisville,27,1995,6.4,0,0,0,,0.0,0.0,,,0,0,Matches
124,Shae Holmes,usUSA,DF,Reign,22,2000,2.5,0,1,0,0.0,0.4,0.0,0.0,,0,0,Matches
125,Haley Hopkins,usUSA,"MF,FW",NC Courage,24,1998,4.8,1,12,4,33.3,2.51,0.84,0.08,0.25,0,0,Matches
126,Jaelin Howell,usUSA,MF,Racing Louisville,23,1999,14.5,0,18,8,44.4,1.24,0.55,0.0,0.0,0,0,Matches
127,Kelli Hubly,usUSA,DF,Portland Thorns,28,1994,17.3,1,10,6,60.0,0.58,0.35,0.1,0.17,0,0,Matches
128,Sofia Huerta,usUSA,DF,Reign,30,1992,16.2,1,11,5,45.5,0.68,0.31,0.0,0.0,1,1,Matches
129,Jordyn Huitema,caCAN,"FW,MF",Reign,21,2001,15.7,5,35,14,40.0,2.23,0.89,0.14,0.36,0,1,Matches
130,Tori Huster,usUSA,"DF,MF",Washington Spirit,33,1989,0.2,0,0,0,,0.0,0.0,,,0,0,Matches
131,Natalie Jacobs,usUSA,DF,Houston Dash,25,1997,19.2,0,6,0,0.0,0.31,0.0,0.0,,0,0,Matches
132,Sofia Jakobsson,seSWE,MF,SD Wave,32,1990,9.4,2,14,7,50.0,1.49,0.75,0.14,0.29,0,0,Matches
133,Inès Jaurena,frFRA,MF,Washington Spirit,31,1991,10.1,0,5,1,20.0,0.5,0.1,0.0,0.0,0,0,Matches
134,Ellie Jean,usUSA,DF,Gotham FC,26,1997,10.6,0,0,0,,0.0,0.0,,,0,0,Matches
135,Lindsi Jennings,,DF,Houston Dash,,,0.3,0,0,0,,0.0,0.0,,,0,0,Matches
136,Celia Jiménez,esESP,DF,Orlando Pride,27,1995,2.2,0,2,1,50.0,0.92,0.46,0.0,0.0,0,0,Matches
137,Katie Johnson,mxMEX,FW,Angel City FC,28,1994,8.0,3,16,10,62.5,2.0,1.25,0.19,0.3,0,0,Matches
138,Júlia,brBRA,MF,Red Stars,25,1997,14.8,0,15,1,6.7,1.01,0.07,0.0,0.0,0,0,Matches
139,Uchenna Kanu,ngNGA,FW,Racing Louisville,25,1997,5.5,0,15,5,33.3,2.73,0.91,0.0,0.0,0,0,Matches
140,Nahomi Kawasumi,jpJPN,"FW,MF",Gotham FC,37,1985,0.3,0,0,0,,0.0,0.0,,,0,0,Matches
141,Kerolin,brBRA,"MF,FW",NC Courage,23,1999,18.4,10,57,21,36.8,3.1,1.14,0.14,0.38,2,3,Matches
142,Thembi Kgatlana,zaRSA,"FW,MF",Racing Louisville,26,1996,8.2,2,30,7,23.3,3.67,0.86,0.07,0.29,0,0,Matches
143,Tziarra King,usUSA,"MF,FW",Reign,24,1998,7.3,0,12,3,25.0,1.64,0.41,0.0,0.0,0,0,Matches
144,Aubrey Kingsbury,usUSA,GK,Washington Spirit,31,1991,20.0,0,0,0,,0.0,0.0,,,0,0,Matches
145,Meghan Klingenberg,usUSA,DF,Portland Thorns,34,1988,18.3,0,9,2,22.2,0.49,0.11,0.0,0.0,0,0,Matches
146,Amanda Kowalski,usUSA,DF,Red Stars,24,1998,0.6,0,0,0,,0.0,0.0,,,0,0,Matches
147,Ali Krieger,usUSA,DF,Gotham FC,38,1984,14.8,0,4,1,25.0,0.27,0.07,0.0,0.0,0,0,Matches
148,Casey Krueger,usUSA,DF,Red Stars,32,1990,19.0,0,10,2,20.0,0.53,0.11,0.0,0.0,0,0,Matches
149,Civana Kuhlmann,usUSA,FW,Washington Spirit,23,1999,0.8,0,4,2,50.0,4.86,2.43,0.0,0.0,0,0,Matches
150,Natalia Kuikka,fiFIN,DF,Portland Thorns,27,1995,19.9,1,14,2,14.3,0.7,0.1,0.07,0.5,0,0,Matches
151,Kaleigh Kurtz,usUSA,DF,NC Courage,25,1997,22.0,0,8,2,25.0,0.36,0.09,0.0,0.0,0,0,Matches
152,Lo'eau LaBonta,usUSA,MF,Current,29,1993,16.1,2,18,6,33.3,1.12,0.37,0.11,0.33,0,0,Matches
153,Mariana Larroquette,arARG,FW,Orlando Pride,30,1992,1.0,1,2,1,50.0,2.0,1.0,0.5,1.0,0,0,Matches
154,Mimmi Larsson,seSWE,"FW,MF",Current,28,1994,6.6,2,15,4,26.7,2.27,0.61,0.13,0.5,0,0,Matches
155,Veronica Latsko,usUSA,MF,Reign,27,1995,11.7,4,18,7,38.9,1.54,0.6,0.22,0.57,0,0,Matches
156,Lauren,brBRA,DF,Current,20,2002,1.0,0,0,0,,0.0,0.0,,,0,0,Matches
157,Rose Lavelle,usUSA,MF,Reign,27,1995,3.9,0,8,4,50.0,2.04,1.02,0.0,0.0,0,0,Matches
158,Claire Lavogez,frFRA,"FW,MF",Current,28,1994,0.6,0,1,1,100.0,1.55,1.55,0.0,0.0,0,0,Matches
159,Clarisse Le Bihan,frFRA,"FW,MF",Angel City FC,28,1994,7.6,1,13,5,38.5,1.72,0.66,0.08,0.2,0,0,Matches
160,Adriana Leon,caCAN,"FW,MF",Portland Thorns,30,1992,0.9,0,1,0,0.0,1.11,0.0,0.0,,0,0,Matches
161,Sydney Leroux,usUSA,FW,Angel City FC,32,1990,5.8,2,17,10,58.8,2.93,1.72,0.12,0.2,0,0,Matches
162,Julia Lester,usUSA,DF,Racing Louisville,25,1998,12.4,0,1,0,0.0,0.08,0.0,0.0,,0,0,Matches
163,Katie Lind,usUSA,DF,Houston Dash,28,1994,15.8,0,2,1,50.0,0.13,0.06,0.0,0.0,0,0,Matches
164,Jordyn Listro,caCAN,MF,Orlando Pride,27,1995,6.2,0,1,1,100.0,0.16,0.16,0.0,0.0,0,0,Matches
165,Alex Loera,usUSA,MF,Current,23,1999,8.8,0,4,1,25.0,0.45,0.11,0.0,0.0,0,0,Matches
166,Allie Long,usUSA,MF,Gotham FC,35,1987,14.0,2,6,2,33.3,0.43,0.14,0.33,1.0,0,0,Matches
167,Maitane López Millán,esESP,"DF,MF",Gotham FC,27,1995,7.1,1,3,1,33.3,0.42,0.14,0.33,1.0,0,0,Matches
168,Katie Lund,usUSA,GK,Racing Louisville,26,1996,22.0,0,0,0,,0.0,0.0,,,0,0,Matches
169,Tyler Lussi,usUSA,"MF,FW",NC Courage,28,1995,12.9,6,38,15,39.5,2.95,1.16,0.16,0.4,0,0,Matches
170,Hailie Mace,usUSA,"DF,MF",Current,25,1997,15.9,0,15,6,40.0,0.95,0.38,0.0,0.0,0,0,Matches
171,Rikke Madsen,dkDEN,FW,NC Courage,25,1997,7.5,1,5,2,40.0,0.67,0.27,0.2,0.5,0,0,Matches
172,Taylor Malham,usUSA,DF,Red Stars,23,1999,2.4,0,0,0,,0.0,0.0,,,0,0,Matches
173,Alyssa Malonson,usUSA,DF,Reign,23,1999,0.6,0,0,0,,0.0,0.0,,,0,0,Matches
174,Marta,brBRA,"MF,FW",Orlando Pride,36,1986,16.0,4,32,16,50.0,2.0,1.0,0.0,0.0,4,4,Matches
175,Nealy Martin,usUSA,MF,Gotham FC,24,1998,11.8,0,4,0,0.0,0.34,0.0,0.0,,0,0,Matches
176,Brianna Martinez,usUSA,DF,Orlando Pride,22,2000,0.6,0,0,0,,0.0,0.0,,,0,0,Matches
177,Manaka Matsukubo,jpJPN,MF,NC Courage,18,2004,5.3,1,10,4,40.0,1.89,0.76,0.1,0.25,0,0,Matches
178,Cheyna Matthews,jmJAM,"MF,FW",Red Stars,29,1993,4.4,1,7,2,28.6,1.59,0.45,0.14,0.5,0,0,Matches
179,Addie McCain,usUSA,MF,Red Stars,23,1999,0.0,0,0,0,,0.0,0.0,,,0,0,Matches
180,Savannah McCaskill,usUSA,"MF,FW",Angel City FC,26,1996,20.7,4,39,19,48.7,1.88,0.92,0.1,0.21,0,0,Matches
181,Phoebe McClernon,usUSA,DF,Reign,25,1997,7.8,0,0,0,,0.0,0.0,,,0,0,Matches
182,Haley McCutcheon,usUSA,DF,Orlando Pride,26,1996,21.7,1,16,4,25.0,0.74,0.18,0.06,0.25,0,0,Matches
183,Jessica McDonald,usUSA,"FW,MF",Racing Louisville,34,1988,2.8,0,4,1,25.0,1.43,0.36,0.0,0.0,0,0,Matches
184,Amanda McGlynn,usUSA,GK,Gotham FC,24,1998,7.0,0,0,0,,0.0,0.0,,,0,0,Matches
185,Tara McKeown,usUSA,DF,Washington Spirit,23,1999,20.3,1,18,3,16.7,0.88,0.15,0.06,0.33,0,0,Matches
186,Kristen McNabb,usUSA,DF,SD Wave,28,1994,12.9,1,6,1,16.7,0.47,0.08,0.17,1.0,0,0,Matches
187,Emily Menges,usUSA,DF,Portland Thorns,30,1992,15.5,0,1,0,0.0,0.06,0.0,0.0,,0,0,Matches
188,Addisyn Merrick,usUSA,DF,Current,24,1998,7.9,0,2,0,0.0,0.25,0.0,0.0,,0,0,Matches
189,Paige Metayer,usUSA,MF,Washington Spirit,22,2000,20.5,3,19,7,36.8,0.93,0.34,0.16,0.43,0,0,Matches
190,Kristie Mewis,usUSA,MF,Gotham FC,31,1991,11.7,0,19,1,5.3,1.62,0.09,0.0,0.0,0,0,Matches
191,Tatumn Milazzo,usUSA,DF,Red Stars,24,1998,19.8,1,5,1,20.0,0.25,0.05,0.2,1.0,0,0,Matches
192,Cassie Miller,usUSA,GK,Current,27,1995,10.0,0,0,0,,0.0,0.0,,,0,0,Matches
193,Lauren Milliet,usUSA,DF,Racing Louisville,26,1996,22.0,0,5,3,60.0,0.23,0.14,0.0,0.0,0,0,Matches
194,Narumi Miura,jpJPN,MF,NC Courage,25,1997,21.4,1,15,6,40.0,0.7,0.28,0.07,0.17,0,0,Matches
195,Paige Monaghan,usUSA,"FW,MF",Racing Louisville,26,1996,12.8,3,19,10,52.6,1.49,0.78,0.16,0.3,0,0,Matches
196,Anna Moorhouse,engENG,GK,Orlando Pride,27,1995,18.0,0,0,0,,0.0,0.0,,,0,0,Matches
197,Alex Morgan,usUSA,FW,SD Wave,33,1989,17.1,7,56,27,48.2,3.28,1.58,0.09,0.19,2,2,Matches
198,Olivia Moultrie,usUSA,MF,Portland Thorns,17,2005,12.1,2,38,13,34.2,3.13,1.07,0.05,0.15,0,0,Matches
199,Casey Murphy,usUSA,GK,NC Courage,26,1996,20.0,0,0,0,,0.0,0.0,,,0,0,Matches
200,Lily Nabet,usUSA,MF,Angel City FC,23,1999,4.6,0,3,0,0.0,0.66,0.0,0.0,,0,0,Matches
201,Nadia Nadim,dkDEN,FW,Racing Louisville,35,1988,3.9,1,15,6,40.0,3.89,1.56,0.0,0.0,1,1,Matches
202,Alyssa Naeher,usUSA,GK,Red Stars,34,1988,20.0,0,0,0,,0.0,0.0,,,0,0,Matches
203,Yūki Nagasato,jpJPN,"MF,FW",Red Stars,35,1987,17.4,3,10,5,50.0,0.57,0.29,0.3,0.6,0,0,Matches
204,Meaghan Nally,usUSA,DF,Portland Thorns,24,1998,4.7,0,2,0,0.0,0.43,0.0,0.0,,0,0,Matches
205,Carly Nelson,usUSA,GK,Orlando Pride,24,1998,3.0,0,0,0,,0.0,0.0,,,0,0,Matches
206,Paige Nielsen,usUSA,DF,Angel City FC,29,1993,19.7,1,16,3,18.8,0.81,0.15,0.06,0.33,0,0,Matches
207,Jenna Nighswonger,usUSA,DF,Gotham FC,22,2000,16.9,3,30,10,33.3,1.77,0.59,0.07,0.2,1,2,Matches
208,Kelley O'Hara,usUSA,"DF,MF",Gotham FC,34,1988,7.1,0,9,2,22.2,1.26,0.28,0.0,0.0,0,0,Matches
209,Denise O'Sullivan,ieIRL,MF,NC Courage,28,1994,19.9,1,11,1,9.1,0.55,0.05,0.09,1.0,0,0,Matches
210,Bárbara Olivieri,veVEN,FW,Houston Dash,20,2002,1.9,0,5,1,20.0,2.57,0.51,0.0,0.0,0,0,Matches
211,Ifeoma Onumonu,ngNGA,FW,Gotham FC,28,1994,4.1,0,6,0,0.0,1.45,0.0,0.0,,0,0,Matches
212,Diana Ordoñez,mxMEX,FW,Houston Dash,21,2001,15.2,3,35,12,34.3,2.3,0.79,0.06,0.17,1,1,Matches
213,Megan Oyster,usUSA,DF,Orlando Pride,30,1992,12.3,0,2,1,50.0,0.16,0.08,0.0,0.0,0,0,Matches
214,Courtney Petersen,usUSA,"DF,MF",Houston Dash,25,1997,6.7,0,3,0,0.0,0.45,0.0,0.0,,0,0,Matches
215,Carson Pickett,usUSA,DF,Racing Louisville,29,1993,18.8,0,12,4,33.3,0.64,0.21,0.0,0.0,0,0,Matches
216,Kiki Pickett,usUSA,DF,NC Courage,23,1999,7.7,0,1,0,0.0,0.13,0.0,0.0,,0,0,Matches
217,Victoria Pickett,caCAN,MF,NC Courage,26,1996,2.9,1,4,2,50.0,1.36,0.68,0.25,0.5,0,0,Matches
218,Victoria Pickett,caCAN,MF,Gotham FC,26,1996,1.2,0,1,0,0.0,0.87,0.0,0.0,,0,0,Matches
219,Elli Pikkujämsä,fiFIN,"MF,DF",Racing Louisville,23,1999,13.8,1,5,2,40.0,0.36,0.15,0.2,0.5,0,0,Matches
220,Brianna Pinto,usUSA,MF,NC Courage,22,2000,4.2,1,6,1,16.7,1.44,0.24,0.17,1.0,0,0,Matches
221,Mackenzie Pluck,usUSA,MF,Angel City FC,22,2000,0.0,0,1,0,0.0,45.0,0.0,0.0,,0,0,Matches
222,Madison Pogarch,usUSA,DF,SD Wave,25,1997,8.7,1,6,1,16.7,0.69,0.11,0.17,1.0,0,0,Matches
223,Maddie Pokorny,usUSA,DF,Racing Louisville,26,1996,2.8,0,6,2,33.3,2.14,0.71,0.0,0.0,0,0,Matches
224,Taylor Porter,usUSA,MF,Portland Thorns,25,1997,2.2,0,3,0,0.0,1.36,0.0,0.0,,0,0,Matches
225,Nichelle Prince,caCAN,"FW,MF",Houston Dash,27,1995,4.4,0,10,4,40.0,2.29,0.92,0.0,0.0,0,0,Matches
226,Ally Prisock,usUSA,DF,Houston Dash,26,1997,8.8,1,1,1,100.0,0.11,0.11,1.0,1.0,0,0,Matches
227,Sarah Puntigam,atAUT,"DF,MF",Houston Dash,30,1992,5.2,0,4,0,0.0,0.77,0.0,0.0,,0,0,Matches
228,Margaret Purce,usUSA,"FW,MF",Gotham FC,27,1995,8.0,4,28,15,53.6,3.51,1.88,0.07,0.13,2,2,Matches
229,Quinn,caCAN,MF,Reign,27,1995,8.8,1,4,1,25.0,0.46,0.11,0.25,1.0,0,0,Matches
230,Rafaelle,brBRA,DF,Orlando Pride,31,1991,6.8,1,9,3,33.3,1.33,0.44,0.11,0.33,0,0,Matches
231,Megan Rapinoe,usUSA,"MF,FW",Reign,37,1985,11.1,4,39,17,43.6,3.5,1.53,0.05,0.12,2,2,Matches
232,Brittany Ratcliffe,usUSA,"MF,FW",NC Courage,28,1994,4.1,0,7,2,28.6,1.71,0.49,0.0,0.0,0,0,Matches
233,Megan Reid,usUSA,DF,Angel City FC,26,1996,8.8,0,4,1,25.0,0.45,0.11,0.0,0.0,0,0,Matches
234,Reyna Reyes,mxMEX,DF,Portland Thorns,21,2001,7.3,1,2,1,50.0,0.27,0.14,0.5,1.0,0,0,Matches
235,Chloe Ricketts,usUSA,MF,Washington Spirit,15,2007,3.2,0,2,1,50.0,0.62,0.31,0.0,0.0,0,0,Matches
236,Kaleigh Riehl,usUSA,DF,SD Wave,26,1996,18.2,0,2,1,50.0,0.11,0.06,0.0,0.0,0,0,Matches
237,Ali Riley,nzNZL,DF,Angel City FC,35,1987,13.8,1,7,2,28.6,0.51,0.14,0.14,0.5,0,0,Matches
238,Clara Robbins,usUSA,MF,NC Courage,24,1998,1.0,0,2,1,50.0,1.98,0.99,0.0,0.0,0,0,Matches
239,Gabrielle Robinson,usUSA,DF,Current,21,2001,18.9,0,5,1,20.0,0.26,0.05,0.0,0.0,0,0,Matches
240,Cari Roccaro,usUSA,MF,Red Stars,28,1994,20.3,1,10,3,30.0,0.49,0.15,0.1,0.33,0,0,Matches
241,Trinity Rodman,usUSA,"FW,MF",Washington Spirit,20,2002,18.1,5,60,31,51.7,3.31,1.71,0.08,0.16,0,0,Matches
242,Izzy Rodriguez,usUSA,DF,Current,23,1999,14.0,3,8,4,50.0,0.57,0.29,0.38,0.75,0,0,Matches
243,Raquel Rodríguez,crCRC,MF,Portland Thorns,29,1993,6.6,1,8,2,25.0,1.2,0.3,0.13,0.5,0,0,Matches
244,Svava Rós Guðmundsdóttir,isISL,"MF,FW",Gotham FC,27,1995,1.7,0,0,0,,0.0,0.0,,,0,0,Matches
245,Katelyn Rowland,usUSA,GK,NC Courage,28,1994,2.0,0,0,0,,0.0,0.0,,,0,0,Matches
246,Yazmeen Ryan,usUSA,"MF,FW",Gotham FC,23,1999,17.3,1,41,10,24.4,2.37,0.58,0.02,0.1,0,0,Matches
247,Ebony Salmon,engENG,"FW,MF",Houston Dash,22,2001,10.5,1,39,18,46.2,3.72,1.72,0.03,0.06,0,0,Matches
248,Emily Sams,usUSA,DF,Orlando Pride,23,1999,22.0,0,1,0,0.0,0.05,0.0,0.0,,0,0,Matches
249,Ashley Sanchez,usUSA,"MF,FW",Washington Spirit,23,1999,17.7,5,45,18,40.0,2.54,1.02,0.11,0.28,0,0,Matches
250,Maria Sanchez,mxMEX,"MF,FW",Houston Dash,26,1996,19.7,4,30,12,40.0,1.52,0.61,0.13,0.33,0,0,Matches
251,Ouleymata Sarr,frFRA,MF,Washington Spirit,27,1995,4.9,1,10,3,30.0,2.05,0.62,0.1,0.33,0,0,Matches
252,Becky Sauerbrunn,usUSA,DF,Portland Thorns,37,1985,6.3,0,2,0,0.0,0.32,0.0,0.0,,0,0,Matches
253,Ally Schlegel,usUSA,"MF,FW",Red Stars,22,2000,4.3,2,5,3,60.0,1.17,0.7,0.4,0.67,0,0,Matches
254,Sophie Schmidt,caCAN,MF,Houston Dash,34,1988,19.5,0,21,5,23.8,1.08,0.26,0.0,0.0,0,0,Matches
255,Kayla Sharples,usUSA,DF,Red Stars,25,1997,7.7,1,5,2,40.0,0.65,0.26,0.2,0.5,0,0,Matches
256,Jaedyn Shaw,usUSA,"MF,FW",SD Wave,18,2004,16.5,6,42,19,45.2,2.54,1.15,0.14,0.32,0,0,Matches
257,Delanie Sheehan,usUSA,"MF,FW",Gotham FC,24,1999,13.7,0,20,4,20.0,1.46,0.29,0.0,0.0,0,0,Matches
258,Kailen Sheridan,caCAN,GK,SD Wave,27,1995,19.0,0,0,0,,0.0,0.0,,,0,0,Matches
259,Marissa Sheva,ieIRL,MF,Washington Spirit,25,1997,3.0,0,1,0,0.0,0.33,0.0,0.0,,0,0,Matches
260,Meleana Shim,usUSA,MF,Gotham FC,31,1991,0.6,0,3,1,33.3,4.74,1.58,0.0,0.0,0,0,Matches
261,Cheyenne Shorts,usUSA,DF,SD Wave,24,1998,2.0,1,1,1,100.0,0.5,0.5,1.0,1.0,0,0,Matches
262,Wang Shuang,cnCHN,"FW,MF",Racing Louisville,28,1995,14.4,2,27,9,33.3,1.87,0.62,0.0,0.0,2,2,Matches
263,Lena Silano,usUSA,"FW,MF",Washington Spirit,22,2000,3.4,0,8,1,12.5,2.36,0.3,0.0,0.0,0,0,Matches
264,Christine Sinclair,caCAN,"MF,FW",Portland Thorns,39,1983,11.4,3,26,9,34.6,2.28,0.79,0.12,0.33,0,0,Matches
265,Abby Smith,usUSA,GK,Gotham FC,29,1993,15.0,0,0,0,,0.0,0.0,,,0,0,Matches
266,Taylor Smith,usUSA,FW,Gotham FC,29,1993,5.0,1,8,2,25.0,1.59,0.4,0.13,0.5,0,0,Matches
267,Havana Solaun,jmJAM,MF,Houston Dash,29,1993,2.1,0,1,0,0.0,0.47,0.0,0.0,,0,0,Matches
268,Emily Sonnett,usUSA,MF,Reign,29,1993,18.6,0,9,2,22.2,0.48,0.11,0.0,0.0,0,0,Matches
269,Croix Soto,,DF,Current,,,8.3,0,2,1,50.0,0.24,0.12,0.0,0.0,0,0,Matches
270,Alexa Spaanstra,usUSA,"FW,MF",Current,22,2000,5.9,2,16,5,31.3,2.69,0.84,0.13,0.4,0,0,Matches
271,Meredith Speck,usUSA,MF,NC Courage,29,1993,7.4,1,3,2,66.7,0.41,0.27,0.33,0.5,0,0,Matches
272,Mariana Speckmaier,veVEN,FW,Washington Spirit,25,1997,0.0,0,0,0,,0.0,0.0,,,0,0,Matches
273,Jasmyne Spencer,usUSA,"DF,MF",Angel City FC,32,1990,8.0,1,14,2,14.3,1.74,0.25,0.07,0.5,0,0,Matches
274,Bianca St-Georges,caCAN,MF,Red Stars,25,1997,17.4,4,33,15,45.5,1.9,0.86,0.12,0.27,0,0,Matches
275,Samantha Staab,usUSA,DF,Washington Spirit,25,1997,22.0,1,11,2,18.2,0.5,0.09,0.09,0.5,0,0,Matches
276,Nikki Stanton,usUSA,MF,Reign,32,1990,4.9,0,4,1,25.0,0.81,0.2,0.0,0.0,0,0,Matches
277,Sandra Starke,deGER,"MF,FW",Red Stars,29,1993,4.5,0,3,0,0.0,0.66,0.0,0.0,,0,0,Matches
278,Katie Stengel,usUSA,FW,Gotham FC,30,1992,4.7,2,6,3,50.0,1.29,0.64,0.33,0.67,0,0,Matches
279,Ella Stevens,usUSA,FW,Red Stars,25,1997,14.4,4,20,8,40.0,1.39,0.55,0.15,0.38,1,1,Matches
280,Kylie Strom,usUSA,DF,Orlando Pride,30,1992,21.8,1,7,1,14.3,0.32,0.05,0.14,1.0,0,0,Matches
281,Hina Sugita,jpJPN,"MF,FW",Portland Thorns,26,1997,14.5,6,24,12,50.0,1.66,0.83,0.21,0.42,1,1,Matches
282,Andi Sullivan,usUSA,MF,Washington Spirit,27,1995,18.9,0,19,3,15.8,1.0,0.16,0.0,0.0,0,0,Matches
283,Mallory Swanson,usUSA,MF,Red Stars,24,1998,2.0,1,9,4,44.4,4.5,2.0,0.0,0.0,1,1,Matches
284,Frankie Tagliaferri,usUSA,MF,NC Courage,24,1999,2.9,0,2,0,0.0,0.68,0.0,0.0,,0,0,Matches
285,Alyssa Thompson,usUSA,"FW,MF",Angel City FC,18,2004,12.8,4,28,9,32.1,2.18,0.7,0.14,0.44,0,0,Matches
286,Cameron Tucker,usUSA,"MF,FW",Houston Dash,23,1999,2.8,0,7,1,14.3,2.51,0.36,0.0,0.0,0,0,Matches
287,Phallon Tullis-Joyce,usUSA,GK,Reign,26,1996,16.0,0,0,0,,0.0,0.0,,,0,0,Matches
288,Kelsey Turnbow,usUSA,FW,SD Wave,24,1999,1.7,0,2,0,0.0,1.19,0.0,0.0,,0,0,Matches
289,Erika Tymrak,usUSA,"MF,FW",Orlando Pride,31,1991,8.9,0,10,3,30.0,1.12,0.34,0.0,0.0,0,0,Matches
290,Olivia Van der Jagt,usUSA,MF,Reign,23,1999,12.0,1,10,3,30.0,0.83,0.25,0.1,0.33,0,0,Matches
291,Michele Vasconcelos,usUSA,FW,Portland Thorns,28,1994,3.8,1,11,5,45.5,2.88,1.31,0.09,0.2,0,0,Matches
292,Mary Vignola,usUSA,DF,Angel City FC,24,1998,13.3,3,24,10,41.7,1.81,0.75,0.13,0.3,0,0,Matches
293,Viviana Villacorta,usUSA,MF,Orlando Pride,23,1999,12.3,0,8,0,0.0,0.65,0.0,0.0,,0,0,Matches
294,Jenna Walker,usUSA,"MF,DF",Current,23,1999,4.9,0,1,0,0.0,0.2,0.0,0.0,,0,0,Matches
295,Ally Watt,usUSA,"FW,MF",Orlando Pride,25,1997,8.3,1,25,12,48.0,3.03,1.45,0.04,0.08,0,0,Matches
296,Dani Weatherholt,usUSA,MF,Angel City FC,28,1994,16.1,0,16,3,18.8,0.99,0.19,0.0,0.0,0,0,Matches
297,Morgan Weaver,usUSA,"FW,MF",Portland Thorns,25,1997,19.8,7,73,25,34.2,3.69,1.26,0.1,0.28,0,0,Matches
298,McKenzie Weinert,,FW,Reign,,,0.5,0,1,1,100.0,1.91,1.91,0.0,0.0,0,0,Matches
299,Christen Westphal,usUSA,DF,SD Wave,29,1993,21.8,0,6,1,16.7,0.27,0.05,0.0,0.0,0,0,Matches
300,Ryan Williams,usUSA,DF,NC Courage,26,1996,21.8,0,3,0,0.0,0.14,0.0,0.0,,0,0,Matches
301,Sophia Wilson,usUSA,FW,Portland Thorns,22,2000,12.9,11,75,39,52.0,5.8,3.02,0.13,0.26,1,1,Matches
302,Olivia Wingate,usUSA,FW,NC Courage,22,2000,4.8,0,14,7,50.0,2.92,1.46,0.0,0.0,0,0,Matches
303,Arin Wright,usUSA,"DF,MF",Red Stars,30,1992,17.6,1,11,4,36.4,0.62,0.23,0.09,0.25,0,0,Matches
304,Zaneta Wyne,usUSA,MF,Racing Louisville,32,1990,0.1,0,0,0,,0.0,0.0,,,0,0,Matches
305,Shae Yanez,usUSA,GK,SD Wave,25,1997,3.0,0,0,0,,0.0,0.0,,,0,0,Matches
306,Summer Yates,usUSA,MF,Orlando Pride,22,2000,1.3,0,3,0,0.0,2.31,0.0,0.0,,0,0,Matches
307,McCall Zerboni,usUSA,MF,Gotham FC,36,1986,5.4,0,4,1,25.0,0.74,0.18,0.0,0.0,0,0,Matches
