season,season_id,match_id,provider_id,status,provider_status,phase,match_date_utc,match_date_local,local_time_utc_offset,home_team_id,home_official_name,away_team_id,away_official_name,home_score,away_score,round_name,match_week,stadium_name,city_name,win_reason,win_team_id,stadium_id,round_id,highlights_url,tickets_url,home_provider_id,home_short_name,home_acronym_name,home_media_name,home_country_code,away_provider_id,away_short_name,away_acronym_name,away_media_name,away_country_code
2015,nwsl::Football_Season::6199a51e9a764735b006e19fb7b2fb64,nwsl::Football_Match::401f4aa222f94b0690858b2c2053a676,opta:Match:6vqcako18yul0s5n2tb00f3s9,UPCOMING,Played,PRE_MATCH,2015-04-11T00:30:00Z,2015-04-10T19:30:00,+00:00,nwsl::Football_Team::ca3f464d6b794a9087d441d75961403f,Houston Dash,nwsl::Football_Team::c31d72afc09f42ee86418633aa41390a,Washington Spirit,,,,,Shell Energy Stadium,"Houston, Texas",RegularTime,nwsl::Football_Team::ca3f464d6b794a9087d441d75961403f,nwsl::Football_Stadium::8712697de6ee44f1bb0cc9269dde0a6e,,,,opta:Team:c3v2ohfuzoqmc8ljm65hi80sj,Dash,HOU,Houston Dash,US,opta:Team:f1ks82wpiewyqs6h3oz9v4hzj,Spirit,WAS,Washington Spirit,US
2015,nwsl::Football_Season::6199a51e9a764735b006e19fb7b2fb64,nwsl::Football_Match::a3b42078e0914de7acbcf5e4e3daba6c,opta:Match:6vsy9obul1efi73es8qpa5a7d,UPCOMING,Played,PRE_MATCH,2015-04-12T02:00:00Z,2015-04-11T19:00:00,+00:00,nwsl::Football_Team::96ba7b37bd8544a1a7329183459150ff,Portland Thorns,nwsl::Football_Team::60d7d72f0a134943921fee199cca61a2,Boston Breakers,,,,,Providence Park,"Portland, Oregon",RegularTime,nwsl::Football_Team::96ba7b37bd8544a1a7329183459150ff,nwsl::Football_Stadium::f1f5cb502e8743f6b186bb5bd7022807,,,,opta:Team:446mp88j1vpk9iwui9fiifrp8,Thorns,POR,Portland Thorns,US,opta:Team:b8b7m094941l37s57ky5qydje,Breakers,BOS,Boston Breakers,US
2015,nwsl::Football_Season::6199a51e9a764735b006e19fb7b2fb64,nwsl::Football_Match::8813ea6793694ab69b8158c6504b46d5,opta:Match:6w5wl3q39yu52v0im0m83mwh5,UPCOMING,Played,PRE_MATCH,2015-04-12T20:00:00Z,2015-04-12T15:00:00,+00:00,nwsl::Football_Team::73ef53968527477284cdd9823cb9d5b4,FC Kansas City,nwsl::Football_Team::c83f2ca05aa84c738b5373f0d2a31b39,Gotham FC,,,,,Children's Mercy Park,"Kansas City, Kansas",RegularTime,nwsl::Football_Team::c83f2ca05aa84c738b5373f0d2a31b39,nwsl::Football_Stadium::9879eebb24a54cdeae4e52c757c0e7e0,,,,opta:Team:84o73tduvg052h5xf8fp1kfpe,Kansas,KC,FC Kansas City,US,opta:Team:bgkfdckqfqnfbmecbtz03n76d,Gotham FC,GFC,Gotham FC,US
2015,nwsl::Football_Season::6199a51e9a764735b006e19fb7b2fb64,nwsl::Football_Match::283285f5a8e144778fa64ee5da07e6ba,opta:Match:6vvk8g1ifa6l0js1ewjawtgix,UPCOMING,Played,PRE_MATCH,2015-04-12T23:00:00Z,2015-04-12T16:00:00,+00:00,nwsl::Football_Team::1151140adfc24339ba1c93cb0b6b0238,Seattle Reign,nwsl::Football_Team::f293999870b84052be7faf214317b3e9,Western New York Flash,,,,,UW Medicine Pitch at Memorial Stadium,Seattle,RegularTime,nwsl::Football_Team::1151140adfc24339ba1c93cb0b6b0238,nwsl::Football_Stadium::a0571d5bda6c4d5994f42b7f485fb2ed,,,,opta:Team:bl53jk6zlfe5f583pil7xzwi5,Reign,SEA,Seattle Reign,US,opta:Team:1e01hujrb8e4teqkouqsi6qqc,Flash,WNY,Western New York Flash,US
2015,nwsl::Football_Season::6199a51e9a764735b006e19fb7b2fb64,nwsl::Football_Match::dead6349642345da93518b8159a3d617,opta:Match:6w0f2wnnh0wg6rnjthg7naiuh,UPCOMING,Played,PRE_MATCH,2015-04-18T23:00:00Z,2015-04-18T19:00:00,+00:00,nwsl::Football_Team::c83f2ca05aa84c738b5373f0d2a31b39,Gotham FC,nwsl::Football_Team::ca3f464d6b794a9087d441d75961403f,Houston Dash,,,,,Yurcak Field,"Piscataway, New Jersey",Draw,,nwsl::Football_Stadium::ab5f2ae647ff40f9947264a134b74476,,,,opta:Team:bgkfdckqfqnfbmecbtz03n76d,Gotham FC,GFC,Gotham FC,US,opta:Team:c3v2ohfuzoqmc8ljm65hi80sj,Dash,HOU,Houston Dash,US
2015,nwsl::Football_Season::6199a51e9a764735b006e19fb7b2fb64,nwsl::Football_Match::8c68e2c8bbb6497ea3ebfd3f569d2b8f,opta:Match:6vyoo6ayavvzaykd3e9zba8kp,UPCOMING,Played,PRE_MATCH,2015-04-18T23:00:00Z,2015-04-18T19:00:00,+00:00,nwsl::Football_Team::c31d72afc09f42ee86418633aa41390a,Washington Spirit,nwsl::Football_Team::73ef53968527477284cdd9823cb9d5b4,FC Kansas City,,,,,Maureen Hendricks Field Maryland SoccerPlex,"Boyds, Maryland",RegularTime,nwsl::Football_Team::c31d72afc09f42ee86418633aa41390a,nwsl::Football_Stadium::b78135f77c1146babf872b1649c06252,,,,opta:Team:f1ks82wpiewyqs6h3oz9v4hzj,Spirit,WAS,Washington Spirit,US,opta:Team:84o73tduvg052h5xf8fp1kfpe,Kansas,KC,FC Kansas City,US
2015,nwsl::Football_Season::6199a51e9a764735b006e19fb7b2fb64,nwsl::Football_Match::4cd033bd6e4d4250a8ee8ad49b5c3b50,opta:Match:1fum4mp2qetujysx9gdtlxucp,UPCOMING,Played,PRE_MATCH,2015-04-18T23:00:00Z,2015-04-18T16:00:00,+00:00,nwsl::Football_Team::96ba7b37bd8544a1a7329183459150ff,Portland Thorns,nwsl::Football_Team::f293999870b84052be7faf214317b3e9,Western New York Flash,,,,,Providence Park,"Portland, Oregon",RegularTime,nwsl::Football_Team::96ba7b37bd8544a1a7329183459150ff,nwsl::Football_Stadium::f1f5cb502e8743f6b186bb5bd7022807,,,,opta:Team:446mp88j1vpk9iwui9fiifrp8,Thorns,POR,Portland Thorns,US,opta:Team:1e01hujrb8e4teqkouqsi6qqc,Flash,WNY,Western New York Flash,US
2015,nwsl::Football_Season::6199a51e9a764735b006e19fb7b2fb64,nwsl::Football_Match::67b8a6acb6b347c3af804567d64c9105,opta:Match:6vx570pzxpk2acsvp7grqy4fd,UPCOMING,Played,PRE_MATCH,2015-04-19T00:00:00Z,2015-04-18T19:00:00,+00:00,nwsl::Football_Team::269e825b853f4b43a9d38390aa92bf6e,Chicago Stars,nwsl::Football_Team::1151140adfc24339ba1c93cb0b6b0238,Seattle Reign,,,,,Benedictine University Stadium,"Lisle, Illinois",RegularTime,nwsl::Football_Team::269e825b853f4b43a9d38390aa92bf6e,nwsl::Football_Stadium::2c8530ddfaf74fb487822bcd526e8a35,,,,opta:Team:dzxypx8djih58p668surbi4qm,Chicago Stars,CHI,Chicago Stars,US,opta:Team:bl53jk6zlfe5f583pil7xzwi5,Reign,SEA,Seattle Reign,US
2015,nwsl::Football_Season::6199a51e9a764735b006e19fb7b2fb64,nwsl::Football_Match::615a9ae3bd4a48b5a1b7a3326bfe761b,opta:Match:1fx2jeoq51tep7vqkzuz1fh0p,UPCOMING,Played,PRE_MATCH,2015-04-24T00:00:00Z,2015-04-23T19:00:00,+00:00,nwsl::Football_Team::73ef53968527477284cdd9823cb9d5b4,FC Kansas City,nwsl::Football_Team::1151140adfc24339ba1c93cb0b6b0238,Seattle Reign,,,,,Children's Mercy Victory Field,"Kansas City, Missouri",RegularTime,nwsl::Football_Team::73ef53968527477284cdd9823cb9d5b4,nwsl::Football_Stadium::6f6515db30994885870cef99493e557a,,,,opta:Team:84o73tduvg052h5xf8fp1kfpe,Kansas,KC,FC Kansas City,US,opta:Team:bl53jk6zlfe5f583pil7xzwi5,Reign,SEA,Seattle Reign,US
2015,nwsl::Football_Season::6199a51e9a764735b006e19fb7b2fb64,nwsl::Football_Match::2dbc456d89c840c3a765644aa7963de5,opta:Match:1g00sj808372rw0ilb6xqjrop,UPCOMING,Played,PRE_MATCH,2015-04-26T00:30:00Z,2015-04-25T19:30:00,+00:00,nwsl::Football_Team::269e825b853f4b43a9d38390aa92bf6e,Chicago Stars,nwsl::Football_Team::96ba7b37bd8544a1a7329183459150ff,Portland Thorns,,,,,Benedictine University Stadium,"Lisle, Illinois",Draw,,nwsl::Football_Stadium::2c8530ddfaf74fb487822bcd526e8a35,,,,opta:Team:dzxypx8djih58p668surbi4qm,Chicago Stars,CHI,Chicago Stars,US,opta:Team:446mp88j1vpk9iwui9fiifrp8,Thorns,POR,Portland Thorns,US
2015,nwsl::Football_Season::6199a51e9a764735b006e19fb7b2fb64,nwsl::Football_Match::e3ddb530c29442af974edd51eb335f26,opta:Match:6wsms1exkv6s3nu8d2k3jjrhl,UPCOMING,Played,PRE_MATCH,2015-04-26T21:00:00Z,2015-04-26T17:00:00,+00:00,nwsl::Football_Team::60d7d72f0a134943921fee199cca61a2,Boston Breakers,nwsl::Football_Team::ca3f464d6b794a9087d441d75961403f,Houston Dash,,,,,Jordan Field,"Boston, Massachusetts",RegularTime,nwsl::Football_Team::60d7d72f0a134943921fee199cca61a2,nwsl::Football_Stadium::d65fe51cf8e04e7e83c576959210eb78,,,,opta:Team:b8b7m094941l37s57ky5qydje,Breakers,BOS,Boston Breakers,US,opta:Team:c3v2ohfuzoqmc8ljm65hi80sj,Dash,HOU,Houston Dash,US
2015,nwsl::Football_Season::6199a51e9a764735b006e19fb7b2fb64,nwsl::Football_Match::7345c9adca384a07a62d0809d9c23ccb,opta:Match:1g1ol7eio28mn7cwzqc1om295,UPCOMING,Played,PRE_MATCH,2015-04-26T22:00:00Z,2015-04-26T18:00:00,+00:00,nwsl::Football_Team::c83f2ca05aa84c738b5373f0d2a31b39,Gotham FC,nwsl::Football_Team::c31d72afc09f42ee86418633aa41390a,Washington Spirit,,,,,Yurcak Field,"Piscataway, New Jersey",RegularTime,nwsl::Football_Team::c31d72afc09f42ee86418633aa41390a,nwsl::Football_Stadium::ab5f2ae647ff40f9947264a134b74476,,,,opta:Team:bgkfdckqfqnfbmecbtz03n76d,Gotham FC,GFC,Gotham FC,US,opta:Team:f1ks82wpiewyqs6h3oz9v4hzj,Spirit,WAS,Washington Spirit,US
2015,nwsl::Football_Season::6199a51e9a764735b006e19fb7b2fb64,nwsl::Football_Match::d5c7f07c24c74ef194a2a0542b43a4ba,opta:Match:d4vqvv4yv8c6m5brh4c4futpl,UPCOMING,Played,PRE_MATCH,2015-05-02T22:00:00Z,2015-05-02T17:00:00,+00:00,nwsl::Football_Team::269e825b853f4b43a9d38390aa92bf6e,Chicago Stars,nwsl::Football_Team::c83f2ca05aa84c738b5373f0d2a31b39,Gotham FC,,,,,Benedictine University Stadium,"Lisle, Illinois",RegularTime,nwsl::Football_Team::269e825b853f4b43a9d38390aa92bf6e,nwsl::Football_Stadium::2c8530ddfaf74fb487822bcd526e8a35,,,,opta:Team:dzxypx8djih58p668surbi4qm,Chicago Stars,CHI,Chicago Stars,US,opta:Team:bgkfdckqfqnfbmecbtz03n76d,Gotham FC,GFC,Gotham FC,US
2015,nwsl::Football_Season::6199a51e9a764735b006e19fb7b2fb64,nwsl::Football_Match::933d94d7b4264513a6dd885714640c3c,opta:Match:6w49jx5fo0m2vhcbyz33in6y1,UPCOMING,Played,PRE_MATCH,2015-05-02T23:00:00Z,2015-05-02T19:00:00,+00:00,nwsl::Football_Team::f293999870b84052be7faf214317b3e9,Western New York Flash,nwsl::Football_Team::60d7d72f0a134943921fee199cca61a2,Boston Breakers,,,,,Marina Auto Stadium,"Rochester, New York",RegularTime,nwsl::Football_Team::f293999870b84052be7faf214317b3e9,nwsl::Football_Stadium::6df79323a46243d49bb52ec8c6532b44,,,,opta:Team:1e01hujrb8e4teqkouqsi6qqc,Flash,WNY,Western New York Flash,US,opta:Team:b8b7m094941l37s57ky5qydje,Breakers,BOS,Boston Breakers,US
2015,nwsl::Football_Season::6199a51e9a764735b006e19fb7b2fb64,nwsl::Football_Match::72f231acc9504d7ea308f9a589836973,opta:Match:d50nn7yi9wlbyd1tzd5volbe1,UPCOMING,Played,PRE_MATCH,2015-05-03T00:30:00Z,2015-05-02T19:30:00,+00:00,nwsl::Football_Team::ca3f464d6b794a9087d441d75961403f,Houston Dash,nwsl::Football_Team::73ef53968527477284cdd9823cb9d5b4,FC Kansas City,,,,,Shell Energy Stadium,"Houston, Texas",RegularTime,nwsl::Football_Team::73ef53968527477284cdd9823cb9d5b4,nwsl::Football_Stadium::8712697de6ee44f1bb0cc9269dde0a6e,,,,opta:Team:c3v2ohfuzoqmc8ljm65hi80sj,Dash,HOU,Houston Dash,US,opta:Team:84o73tduvg052h5xf8fp1kfpe,Kansas,KC,FC Kansas City,US
2015,nwsl::Football_Season::6199a51e9a764735b006e19fb7b2fb64,nwsl::Football_Match::184c9fda49a148d690ec46679e0e4ae9,opta:Match:d560cnitaz0qdqpg3erf0faw9,UPCOMING,Played,PRE_MATCH,2015-05-03T02:00:00Z,2015-05-02T19:00:00,+00:00,nwsl::Football_Team::1151140adfc24339ba1c93cb0b6b0238,Seattle Reign,nwsl::Football_Team::c31d72afc09f42ee86418633aa41390a,Washington Spirit,,,,,UW Medicine Pitch at Memorial Stadium,Seattle,RegularTime,nwsl::Football_Team::1151140adfc24339ba1c93cb0b6b0238,nwsl::Football_Stadium::a0571d5bda6c4d5994f42b7f485fb2ed,,,,opta:Team:bl53jk6zlfe5f583pil7xzwi5,Reign,SEA,Seattle Reign,US,opta:Team:f1ks82wpiewyqs6h3oz9v4hzj,Spirit,WAS,Washington Spirit,US
2015,nwsl::Football_Season::6199a51e9a764735b006e19fb7b2fb64,nwsl::Football_Match::d42e82078edb4906900634db0f89714b,opta:Match:d59gxoteofjqf0nf20muiul7t,UPCOMING,Played,PRE_MATCH,2015-05-08T23:00:00Z,2015-05-08T19:00:00,+00:00,nwsl::Football_Team::f293999870b84052be7faf214317b3e9,Western New York Flash,nwsl::Football_Team::73ef53968527477284cdd9823cb9d5b4,FC Kansas City,,,,,Marina Auto Stadium,"Rochester, New York",RegularTime,nwsl::Football_Team::73ef53968527477284cdd9823cb9d5b4,nwsl::Football_Stadium::6df79323a46243d49bb52ec8c6532b44,,,,opta:Team:1e01hujrb8e4teqkouqsi6qqc,Flash,WNY,Western New York Flash,US,opta:Team:84o73tduvg052h5xf8fp1kfpe,Kansas,KC,FC Kansas City,US
2015,nwsl::Football_Season::6199a51e9a764735b006e19fb7b2fb64,nwsl::Football_Match::32bc434c271e460eac2690e6ff1d8b89,opta:Match:d5cr7ll0dxn6gtqao8hb8alt5,UPCOMING,Played,PRE_MATCH,2015-05-09T21:00:00Z,2015-05-09T16:00:00,+00:00,nwsl::Football_Team::269e825b853f4b43a9d38390aa92bf6e,Chicago Stars,nwsl::Football_Team::60d7d72f0a134943921fee199cca61a2,Boston Breakers,,,,,SeatGeek Stadium,"Bridgeview, Illinois",RegularTime,nwsl::Football_Team::269e825b853f4b43a9d38390aa92bf6e,nwsl::Football_Stadium::a70355edf48b469f8e25dcc722030c4b,,,,opta:Team:dzxypx8djih58p668surbi4qm,Chicago Stars,CHI,Chicago Stars,US,opta:Team:b8b7m094941l37s57ky5qydje,Breakers,BOS,Boston Breakers,US
2015,nwsl::Football_Season::6199a51e9a764735b006e19fb7b2fb64,nwsl::Football_Match::11a8b8c8631d45d5b3e2c5fe8e61d65d,opta:Match:d5g0wbcam7bwbmvqnzs16m5t5,UPCOMING,Played,PRE_MATCH,2015-05-09T23:00:00Z,2015-05-09T19:00:00,+00:00,nwsl::Football_Team::c83f2ca05aa84c738b5373f0d2a31b39,Gotham FC,nwsl::Football_Team::1151140adfc24339ba1c93cb0b6b0238,Seattle Reign,,,,,Yurcak Field,"Piscataway, New Jersey",Draw,,nwsl::Football_Stadium::ab5f2ae647ff40f9947264a134b74476,,,,opta:Team:bgkfdckqfqnfbmecbtz03n76d,Gotham FC,GFC,Gotham FC,US,opta:Team:bl53jk6zlfe5f583pil7xzwi5,Reign,SEA,Seattle Reign,US
2015,nwsl::Football_Season::6199a51e9a764735b006e19fb7b2fb64,nwsl::Football_Match::5b93e15f73ba4e0fb1c2321f42761611,opta:Match:d5kildi6ketgtxhiogixwtx49,UPCOMING,Played,PRE_MATCH,2015-05-10T02:00:00Z,2015-05-09T19:00:00,+00:00,nwsl::Football_Team::96ba7b37bd8544a1a7329183459150ff,Portland Thorns,nwsl::Football_Team::c31d72afc09f42ee86418633aa41390a,Washington Spirit,,,,,Providence Park,"Portland, Oregon",Draw,,nwsl::Football_Stadium::f1f5cb502e8743f6b186bb5bd7022807,,,,opta:Team:446mp88j1vpk9iwui9fiifrp8,Thorns,POR,Portland Thorns,US,opta:Team:f1ks82wpiewyqs6h3oz9v4hzj,Spirit,WAS,Washington Spirit,US
2015,nwsl::Football_Season::6199a51e9a764735b006e19fb7b2fb64,nwsl::Football_Match::6c9615724395470da54dc6ae343eb8a2,opta:Match:d5mylpxvgjg24l25bfnj9ge7d,UPCOMING,Played,PRE_MATCH,2015-05-15T00:00:00Z,2015-05-14T19:00:00,+00:00,nwsl::Football_Team::73ef53968527477284cdd9823cb9d5b4,FC Kansas City,nwsl::Football_Team::f293999870b84052be7faf214317b3e9,Western New York Flash,,,,,Children's Mercy Victory Field,"Kansas City, Missouri",Draw,,nwsl::Football_Stadium::6f6515db30994885870cef99493e557a,,,,opta:Team:84o73tduvg052h5xf8fp1kfpe,Kansas,KC,FC Kansas City,US,opta:Team:1e01hujrb8e4teqkouqsi6qqc,Flash,WNY,Western New York Flash,US
2015,nwsl::Football_Season::6199a51e9a764735b006e19fb7b2fb64,nwsl::Football_Match::39661f503ce14659896dfbdb27fdec87,opta:Match:d5pq5lpba1zrsdgfw221vmdih,UPCOMING,Played,PRE_MATCH,2015-05-16T00:30:00Z,2015-05-15T19:30:00,+00:00,nwsl::Football_Team::ca3f464d6b794a9087d441d75961403f,Houston Dash,nwsl::Football_Team::269e825b853f4b43a9d38390aa92bf6e,Chicago Stars,,,,,Shell Energy Stadium,"Houston, Texas",Draw,,nwsl::Football_Stadium::8712697de6ee44f1bb0cc9269dde0a6e,,,,opta:Team:c3v2ohfuzoqmc8ljm65hi80sj,Dash,HOU,Houston Dash,US,opta:Team:dzxypx8djih58p668surbi4qm,Chicago Stars,CHI,Chicago Stars,US
2015,nwsl::Football_Season::6199a51e9a764735b006e19fb7b2fb64,nwsl::Football_Match::03bf9d9181b2471b8a9641c5fc690852,opta:Match:d5stvpki8etye2qyv8o6w7c2x,UPCOMING,Played,PRE_MATCH,2015-05-16T20:00:00Z,2015-05-16T16:00:00,+00:00,nwsl::Football_Team::60d7d72f0a134943921fee199cca61a2,Boston Breakers,nwsl::Football_Team::96ba7b37bd8544a1a7329183459150ff,Portland Thorns,,,,,Jordan Field,"Boston, Massachusetts",RegularTime,nwsl::Football_Team::60d7d72f0a134943921fee199cca61a2,nwsl::Football_Stadium::d65fe51cf8e04e7e83c576959210eb78,,,,opta:Team:b8b7m094941l37s57ky5qydje,Breakers,BOS,Boston Breakers,US,opta:Team:446mp88j1vpk9iwui9fiifrp8,Thorns,POR,Portland Thorns,US
2015,nwsl::Football_Season::6199a51e9a764735b006e19fb7b2fb64,nwsl::Football_Match::be6f34640e814176827d440debe14357,opta:Match:d5vr41pz3b900fk4sud00n089,UPCOMING,Played,PRE_MATCH,2015-05-16T23:30:00Z,2015-05-16T19:30:00,+00:00,nwsl::Football_Team::c31d72afc09f42ee86418633aa41390a,Washington Spirit,nwsl::Football_Team::c83f2ca05aa84c738b5373f0d2a31b39,Gotham FC,,,,,Maureen Hendricks Field Maryland SoccerPlex,"Boyds, Maryland",RegularTime,nwsl::Football_Team::c31d72afc09f42ee86418633aa41390a,nwsl::Football_Stadium::b78135f77c1146babf872b1649c06252,,,,opta:Team:f1ks82wpiewyqs6h3oz9v4hzj,Spirit,WAS,Washington Spirit,US,opta:Team:bgkfdckqfqnfbmecbtz03n76d,Gotham FC,GFC,Gotham FC,US
2015,nwsl::Football_Season::6199a51e9a764735b006e19fb7b2fb64,nwsl::Football_Match::8a9baa2b871943aab584b62e3c4d8b33,opta:Match:d5ym5fd79676xn6feppse5t61,UPCOMING,Played,PRE_MATCH,2015-05-22T23:00:00Z,2015-05-22T19:00:00,+00:00,nwsl::Football_Team::60d7d72f0a134943921fee199cca61a2,Boston Breakers,nwsl::Football_Team::c83f2ca05aa84c738b5373f0d2a31b39,Gotham FC,,,,,Jordan Field,"Boston, Massachusetts",Draw,,nwsl::Football_Stadium::d65fe51cf8e04e7e83c576959210eb78,,,,opta:Team:b8b7m094941l37s57ky5qydje,Breakers,BOS,Boston Breakers,US,opta:Team:bgkfdckqfqnfbmecbtz03n76d,Gotham FC,GFC,Gotham FC,US
2015,nwsl::Football_Season::6199a51e9a764735b006e19fb7b2fb64,nwsl::Football_Match::4e1a0ca7b6074dcab73b622420a73a89,opta:Match:d61blw7tcfvxapgbl0o9a1lgp,UPCOMING,Played,PRE_MATCH,2015-05-23T23:00:00Z,2015-05-23T19:00:00,+00:00,nwsl::Football_Team::f293999870b84052be7faf214317b3e9,Western New York Flash,nwsl::Football_Team::c31d72afc09f42ee86418633aa41390a,Washington Spirit,,,,,Marina Auto Stadium,"Rochester, New York",RegularTime,nwsl::Football_Team::f293999870b84052be7faf214317b3e9,nwsl::Football_Stadium::6df79323a46243d49bb52ec8c6532b44,,,,opta:Team:1e01hujrb8e4teqkouqsi6qqc,Flash,WNY,Western New York Flash,US,opta:Team:f1ks82wpiewyqs6h3oz9v4hzj,Spirit,WAS,Washington Spirit,US
2015,nwsl::Football_Season::6199a51e9a764735b006e19fb7b2fb64,nwsl::Football_Match::56fd3b8319ab4000b5490ee2f42f07fa,opta:Match:d63rk49logmrd7m870iqn4u7d,UPCOMING,Played,PRE_MATCH,2015-05-24T00:00:00Z,2015-05-23T19:00:00,+00:00,nwsl::Football_Team::73ef53968527477284cdd9823cb9d5b4,FC Kansas City,nwsl::Football_Team::269e825b853f4b43a9d38390aa92bf6e,Chicago Stars,,,,,Children's Mercy Victory Field,"Kansas City, Missouri",RegularTime,nwsl::Football_Team::269e825b853f4b43a9d38390aa92bf6e,nwsl::Football_Stadium::6f6515db30994885870cef99493e557a,,,,opta:Team:84o73tduvg052h5xf8fp1kfpe,Kansas,KC,FC Kansas City,US,opta:Team:dzxypx8djih58p668surbi4qm,Chicago Stars,CHI,Chicago Stars,US
2015,nwsl::Football_Season::6199a51e9a764735b006e19fb7b2fb64,nwsl::Football_Match::7ddc8e301ebc49f88343c1b50aefc995,opta:Match:d66j33dswwx0v7ctyuz2iy9yh,UPCOMING,Played,PRE_MATCH,2015-05-24T02:00:00Z,2015-05-23T19:00:00,+00:00,nwsl::Football_Team::96ba7b37bd8544a1a7329183459150ff,Portland Thorns,nwsl::Football_Team::ca3f464d6b794a9087d441d75961403f,Houston Dash,,,,,Providence Park,"Portland, Oregon",RegularTime,nwsl::Football_Team::ca3f464d6b794a9087d441d75961403f,nwsl::Football_Stadium::f1f5cb502e8743f6b186bb5bd7022807,,,,opta:Team:446mp88j1vpk9iwui9fiifrp8,Thorns,POR,Portland Thorns,US,opta:Team:c3v2ohfuzoqmc8ljm65hi80sj,Dash,HOU,Houston Dash,US
2015,nwsl::Football_Season::6199a51e9a764735b006e19fb7b2fb64,nwsl::Football_Match::af75f7a6d9c645dd955aa852780b500d,opta:Match:d6dm7nt4xhd3cyu5ts616i4fd,UPCOMING,Played,PRE_MATCH,2015-05-30T23:00:00Z,2015-05-30T19:00:00,+00:00,nwsl::Football_Team::60d7d72f0a134943921fee199cca61a2,Boston Breakers,nwsl::Football_Team::73ef53968527477284cdd9823cb9d5b4,FC Kansas City,,,,,Jordan Field,"Boston, Massachusetts",RegularTime,nwsl::Football_Team::60d7d72f0a134943921fee199cca61a2,nwsl::Football_Stadium::d65fe51cf8e04e7e83c576959210eb78,,,,opta:Team:b8b7m094941l37s57ky5qydje,Breakers,BOS,Boston Breakers,US,opta:Team:84o73tduvg052h5xf8fp1kfpe,Kansas,KC,FC Kansas City,US
2015,nwsl::Football_Season::6199a51e9a764735b006e19fb7b2fb64,nwsl::Football_Match::3e32efb8648343e6843e9c7865c691b7,opta:Match:d6auz2avy2yytb2nv9kyc88h5,UPCOMING,Played,PRE_MATCH,2015-05-30T23:00:00Z,2015-05-30T19:00:00,+00:00,nwsl::Football_Team::c31d72afc09f42ee86418633aa41390a,Washington Spirit,nwsl::Football_Team::96ba7b37bd8544a1a7329183459150ff,Portland Thorns,,,,,Maureen Hendricks Field Maryland SoccerPlex,"Boyds, Maryland",RegularTime,nwsl::Football_Team::c31d72afc09f42ee86418633aa41390a,nwsl::Football_Stadium::b78135f77c1146babf872b1649c06252,,,,opta:Team:f1ks82wpiewyqs6h3oz9v4hzj,Spirit,WAS,Washington Spirit,US,opta:Team:446mp88j1vpk9iwui9fiifrp8,Thorns,POR,Portland Thorns,US
2015,nwsl::Football_Season::6199a51e9a764735b006e19fb7b2fb64,nwsl::Football_Match::309044a9a1cb4c2ba3afcca28317f46c,opta:Match:d6ghtzxfi4lns4rxkpgx4ytbd,UPCOMING,Played,PRE_MATCH,2015-05-31T02:00:00Z,2015-05-30T19:00:00,+00:00,nwsl::Football_Team::1151140adfc24339ba1c93cb0b6b0238,Seattle Reign,nwsl::Football_Team::269e825b853f4b43a9d38390aa92bf6e,Chicago Stars,,,,,UW Medicine Pitch at Memorial Stadium,Seattle,Draw,,nwsl::Football_Stadium::a0571d5bda6c4d5994f42b7f485fb2ed,,,,opta:Team:bl53jk6zlfe5f583pil7xzwi5,Reign,SEA,Seattle Reign,US,opta:Team:dzxypx8djih58p668surbi4qm,Chicago Stars,CHI,Chicago Stars,US
2015,nwsl::Football_Season::6199a51e9a764735b006e19fb7b2fb64,nwsl::Football_Match::793050543f224b1bb1741e8db58c653b,opta:Match:d6j9dkdrep6t0qjfk2fcy8oo9,UPCOMING,Played,PRE_MATCH,2015-05-31T19:00:00Z,2015-05-31T15:00:00,+00:00,nwsl::Football_Team::c83f2ca05aa84c738b5373f0d2a31b39,Gotham FC,nwsl::Football_Team::ca3f464d6b794a9087d441d75961403f,Houston Dash,,,,,Yurcak Field,"Piscataway, New Jersey",Draw,,nwsl::Football_Stadium::ab5f2ae647ff40f9947264a134b74476,,,,opta:Team:bgkfdckqfqnfbmecbtz03n76d,Gotham FC,GFC,Gotham FC,US,opta:Team:c3v2ohfuzoqmc8ljm65hi80sj,Dash,HOU,Houston Dash,US
2015,nwsl::Football_Season::6199a51e9a764735b006e19fb7b2fb64,nwsl::Football_Match::44b1bcc8ba254a3891f87f8c8ddcd839,opta:Match:d6org2gbop2whwshnsdy9ivhl,UPCOMING,Played,PRE_MATCH,2015-06-06T23:00:00Z,2015-06-06T19:00:00,+00:00,nwsl::Football_Team::f293999870b84052be7faf214317b3e9,Western New York Flash,nwsl::Football_Team::269e825b853f4b43a9d38390aa92bf6e,Chicago Stars,,,,,Marina Auto Stadium,"Rochester, New York",RegularTime,nwsl::Football_Team::f293999870b84052be7faf214317b3e9,nwsl::Football_Stadium::6df79323a46243d49bb52ec8c6532b44,,,,opta:Team:1e01hujrb8e4teqkouqsi6qqc,Flash,WNY,Western New York Flash,US,opta:Team:dzxypx8djih58p668surbi4qm,Chicago Stars,CHI,Chicago Stars,US
2015,nwsl::Football_Season::6199a51e9a764735b006e19fb7b2fb64,nwsl::Football_Match::3ef01110f3364438b134f3648f7d63ba,opta:Match:d6m4j40xua2ao3yc41hxo4ezt,UPCOMING,Played,PRE_MATCH,2015-06-06T23:00:00Z,2015-06-06T19:00:00,+00:00,nwsl::Football_Team::c31d72afc09f42ee86418633aa41390a,Washington Spirit,nwsl::Football_Team::60d7d72f0a134943921fee199cca61a2,Boston Breakers,,,,,Maureen Hendricks Field Maryland SoccerPlex,"Boyds, Maryland",Draw,,nwsl::Football_Stadium::b78135f77c1146babf872b1649c06252,,,,opta:Team:f1ks82wpiewyqs6h3oz9v4hzj,Spirit,WAS,Washington Spirit,US,opta:Team:b8b7m094941l37s57ky5qydje,Breakers,BOS,Boston Breakers,US
2015,nwsl::Football_Season::6199a51e9a764735b006e19fb7b2fb64,nwsl::Football_Match::9545541c62904e70846c5a4560b001e1,opta:Match:d6rlre4kh554yph7qdvav6go9,UPCOMING,Played,PRE_MATCH,2015-06-07T00:30:00Z,2015-06-06T19:30:00,+00:00,nwsl::Football_Team::ca3f464d6b794a9087d441d75961403f,Houston Dash,nwsl::Football_Team::96ba7b37bd8544a1a7329183459150ff,Portland Thorns,,,,,Shell Energy Stadium,"Houston, Texas",Draw,,nwsl::Football_Stadium::8712697de6ee44f1bb0cc9269dde0a6e,,,,opta:Team:c3v2ohfuzoqmc8ljm65hi80sj,Dash,HOU,Houston Dash,US,opta:Team:446mp88j1vpk9iwui9fiifrp8,Thorns,POR,Portland Thorns,US
2015,nwsl::Football_Season::6199a51e9a764735b006e19fb7b2fb64,nwsl::Football_Match::f1136db009414ea49e4fdac03b2ba693,opta:Match:d6uc1xtrkh643biii0ut5z8x5,UPCOMING,Played,PRE_MATCH,2015-06-07T02:00:00Z,2015-06-06T19:00:00,+00:00,nwsl::Football_Team::1151140adfc24339ba1c93cb0b6b0238,Seattle Reign,nwsl::Football_Team::c83f2ca05aa84c738b5373f0d2a31b39,Gotham FC,,,,,UW Medicine Pitch at Memorial Stadium,Seattle,RegularTime,nwsl::Football_Team::1151140adfc24339ba1c93cb0b6b0238,nwsl::Football_Stadium::a0571d5bda6c4d5994f42b7f485fb2ed,,,,opta:Team:bl53jk6zlfe5f583pil7xzwi5,Reign,SEA,Seattle Reign,US,opta:Team:bgkfdckqfqnfbmecbtz03n76d,Gotham FC,GFC,Gotham FC,US
2015,nwsl::Football_Season::6199a51e9a764735b006e19fb7b2fb64,nwsl::Football_Match::5225e5195d31448b9c2ca18e4fdefdf4,opta:Match:d6xai6eloy6d1by10i830kquh,UPCOMING,Played,PRE_MATCH,2015-06-20T02:00:00Z,2015-06-19T19:00:00,+00:00,nwsl::Football_Team::96ba7b37bd8544a1a7329183459150ff,Portland Thorns,nwsl::Football_Team::73ef53968527477284cdd9823cb9d5b4,FC Kansas City,,,,,Providence Park,"Portland, Oregon",Draw,,nwsl::Football_Stadium::f1f5cb502e8743f6b186bb5bd7022807,,,,opta:Team:446mp88j1vpk9iwui9fiifrp8,Thorns,POR,Portland Thorns,US,opta:Team:84o73tduvg052h5xf8fp1kfpe,Kansas,KC,FC Kansas City,US
2015,nwsl::Football_Season::6199a51e9a764735b006e19fb7b2fb64,nwsl::Football_Match::61b97329dd9f487da1eca457f326d7d7,opta:Match:d735ocesqum2kz6a0naqi4ovd,UPCOMING,Played,PRE_MATCH,2015-06-21T00:30:00Z,2015-06-20T19:30:00,+00:00,nwsl::Football_Team::ca3f464d6b794a9087d441d75961403f,Houston Dash,nwsl::Football_Team::f293999870b84052be7faf214317b3e9,Western New York Flash,,,,,Shell Energy Stadium,"Houston, Texas",RegularTime,nwsl::Football_Team::ca3f464d6b794a9087d441d75961403f,nwsl::Football_Stadium::8712697de6ee44f1bb0cc9269dde0a6e,,,,opta:Team:c3v2ohfuzoqmc8ljm65hi80sj,Dash,HOU,Houston Dash,US,opta:Team:1e01hujrb8e4teqkouqsi6qqc,Flash,WNY,Western New York Flash,US
2015,nwsl::Football_Season::6199a51e9a764735b006e19fb7b2fb64,nwsl::Football_Match::2caea8ef55204efeb199e876e28a752a,opta:Match:d75xpw86norrl81vrtk1oycq1,UPCOMING,Played,PRE_MATCH,2015-06-21T20:00:00Z,2015-06-21T16:00:00,+00:00,nwsl::Football_Team::60d7d72f0a134943921fee199cca61a2,Boston Breakers,nwsl::Football_Team::1151140adfc24339ba1c93cb0b6b0238,Seattle Reign,,,,,Jordan Field,"Boston, Massachusetts",RegularTime,nwsl::Football_Team::1151140adfc24339ba1c93cb0b6b0238,nwsl::Football_Stadium::d65fe51cf8e04e7e83c576959210eb78,,,,opta:Team:b8b7m094941l37s57ky5qydje,Breakers,BOS,Boston Breakers,US,opta:Team:bl53jk6zlfe5f583pil7xzwi5,Reign,SEA,Seattle Reign,US
2015,nwsl::Football_Season::6199a51e9a764735b006e19fb7b2fb64,nwsl::Football_Match::eadef906d1d84445964722754283e22d,opta:Match:d78z160oxkq2vo5w0deus3ug9,UPCOMING,Played,PRE_MATCH,2015-06-27T23:00:00Z,2015-06-27T19:00:00,+00:00,nwsl::Football_Team::c31d72afc09f42ee86418633aa41390a,Washington Spirit,nwsl::Football_Team::ca3f464d6b794a9087d441d75961403f,Houston Dash,,,,,Maureen Hendricks Field Maryland SoccerPlex,"Boyds, Maryland",RegularTime,nwsl::Football_Team::c31d72afc09f42ee86418633aa41390a,nwsl::Football_Stadium::b78135f77c1146babf872b1649c06252,,,,opta:Team:f1ks82wpiewyqs6h3oz9v4hzj,Spirit,WAS,Washington Spirit,US,opta:Team:c3v2ohfuzoqmc8ljm65hi80sj,Dash,HOU,Houston Dash,US
2015,nwsl::Football_Season::6199a51e9a764735b006e19fb7b2fb64,nwsl::Football_Match::460caf58b51f4f3587eed34a88f52735,opta:Match:d7clifuuwgw37lv75hyfifzs9,UPCOMING,Played,PRE_MATCH,2015-06-28T02:30:00Z,2015-06-27T19:30:00,+00:00,nwsl::Football_Team::1151140adfc24339ba1c93cb0b6b0238,Seattle Reign,nwsl::Football_Team::73ef53968527477284cdd9823cb9d5b4,FC Kansas City,,,,,UW Medicine Pitch at Memorial Stadium,Seattle,RegularTime,nwsl::Football_Team::1151140adfc24339ba1c93cb0b6b0238,nwsl::Football_Stadium::a0571d5bda6c4d5994f42b7f485fb2ed,,,,opta:Team:bl53jk6zlfe5f583pil7xzwi5,Reign,SEA,Seattle Reign,US,opta:Team:84o73tduvg052h5xf8fp1kfpe,Kansas,KC,FC Kansas City,US
2015,nwsl::Football_Season::6199a51e9a764735b006e19fb7b2fb64,nwsl::Football_Match::b11a3a6709d64e95ab8ee1dc9523459b,opta:Match:d7gq54dydcouxaq7frpao899l,UPCOMING,Played,PRE_MATCH,2015-06-28T21:00:00Z,2015-06-28T17:00:00,+00:00,nwsl::Football_Team::60d7d72f0a134943921fee199cca61a2,Boston Breakers,nwsl::Football_Team::f293999870b84052be7faf214317b3e9,Western New York Flash,,,,,Jordan Field,"Boston, Massachusetts",RegularTime,nwsl::Football_Team::f293999870b84052be7faf214317b3e9,nwsl::Football_Stadium::d65fe51cf8e04e7e83c576959210eb78,,,,opta:Team:b8b7m094941l37s57ky5qydje,Breakers,BOS,Boston Breakers,US,opta:Team:1e01hujrb8e4teqkouqsi6qqc,Flash,WNY,Western New York Flash,US
2015,nwsl::Football_Season::6199a51e9a764735b006e19fb7b2fb64,nwsl::Football_Match::4fd1a9627a8d4aa08b33ccceaa0945e9,opta:Match:d7uvkg7dmmzcy2s40p1vexb6x,UPCOMING,Played,PRE_MATCH,2015-06-28T22:00:00Z,2015-06-28T18:00:00,+00:00,nwsl::Football_Team::c83f2ca05aa84c738b5373f0d2a31b39,Gotham FC,nwsl::Football_Team::269e825b853f4b43a9d38390aa92bf6e,Chicago Stars,,,,,Yurcak Field,"Piscataway, New Jersey",RegularTime,nwsl::Football_Team::269e825b853f4b43a9d38390aa92bf6e,nwsl::Football_Stadium::ab5f2ae647ff40f9947264a134b74476,,,,opta:Team:bgkfdckqfqnfbmecbtz03n76d,Gotham FC,GFC,Gotham FC,US,opta:Team:dzxypx8djih58p668surbi4qm,Chicago Stars,CHI,Chicago Stars,US
2015,nwsl::Football_Season::6199a51e9a764735b006e19fb7b2fb64,nwsl::Football_Match::5c8215ae352d447f987a7221c7d359ff,opta:Match:da4imnuhaizsn075sy71su7e1,UPCOMING,Played,PRE_MATCH,2015-07-03T23:00:00Z,2015-07-03T19:00:00,+00:00,nwsl::Football_Team::f293999870b84052be7faf214317b3e9,Western New York Flash,nwsl::Football_Team::1151140adfc24339ba1c93cb0b6b0238,Seattle Reign,,,,,Marina Auto Stadium,"Rochester, New York",Draw,,nwsl::Football_Stadium::6df79323a46243d49bb52ec8c6532b44,,,,opta:Team:1e01hujrb8e4teqkouqsi6qqc,Flash,WNY,Western New York Flash,US,opta:Team:bl53jk6zlfe5f583pil7xzwi5,Reign,SEA,Seattle Reign,US
2015,nwsl::Football_Season::6199a51e9a764735b006e19fb7b2fb64,nwsl::Football_Match::09459b20c1d1487b96f7a84136fb0b2b,opta:Match:da7frtugd6smgdz50r3di2yg9,UPCOMING,Played,PRE_MATCH,2015-07-04T00:00:00Z,2015-07-03T19:00:00,+00:00,nwsl::Football_Team::73ef53968527477284cdd9823cb9d5b4,FC Kansas City,nwsl::Football_Team::c31d72afc09f42ee86418633aa41390a,Washington Spirit,,,,,Children's Mercy Victory Field,"Kansas City, Missouri",RegularTime,nwsl::Football_Team::73ef53968527477284cdd9823cb9d5b4,nwsl::Football_Stadium::6f6515db30994885870cef99493e557a,,,,opta:Team:84o73tduvg052h5xf8fp1kfpe,Kansas,KC,FC Kansas City,US,opta:Team:f1ks82wpiewyqs6h3oz9v4hzj,Spirit,WAS,Washington Spirit,US
2015,nwsl::Football_Season::6199a51e9a764735b006e19fb7b2fb64,nwsl::Football_Match::2e1e503a30ac406eadf37941c130838f,opta:Match:daadefshinahyfpd9ddj5wquh,UPCOMING,Played,PRE_MATCH,2015-07-04T02:00:00Z,2015-07-03T19:00:00,+00:00,nwsl::Football_Team::96ba7b37bd8544a1a7329183459150ff,Portland Thorns,nwsl::Football_Team::c83f2ca05aa84c738b5373f0d2a31b39,Gotham FC,,,,,Providence Park,"Portland, Oregon",RegularTime,nwsl::Football_Team::96ba7b37bd8544a1a7329183459150ff,nwsl::Football_Stadium::f1f5cb502e8743f6b186bb5bd7022807,,,,opta:Team:446mp88j1vpk9iwui9fiifrp8,Thorns,POR,Portland Thorns,US,opta:Team:bgkfdckqfqnfbmecbtz03n76d,Gotham FC,GFC,Gotham FC,US
2015,nwsl::Football_Season::6199a51e9a764735b006e19fb7b2fb64,nwsl::Football_Match::543de2b4266e4656adbaf16595e4fef6,opta:Match:dad7tuwi9a1ixvpbc1skr9otl,UPCOMING,Played,PRE_MATCH,2015-07-09T23:00:00Z,2015-07-09T19:00:00,+00:00,nwsl::Football_Team::60d7d72f0a134943921fee199cca61a2,Boston Breakers,nwsl::Football_Team::73ef53968527477284cdd9823cb9d5b4,FC Kansas City,,,,,Jordan Field,"Boston, Massachusetts",RegularTime,nwsl::Football_Team::73ef53968527477284cdd9823cb9d5b4,nwsl::Football_Stadium::d65fe51cf8e04e7e83c576959210eb78,,,,opta:Team:b8b7m094941l37s57ky5qydje,Breakers,BOS,Boston Breakers,US,opta:Team:84o73tduvg052h5xf8fp1kfpe,Kansas,KC,FC Kansas City,US
2015,nwsl::Football_Season::6199a51e9a764735b006e19fb7b2fb64,nwsl::Football_Match::5dd040f7790a4578bf1ddaa0c29e7993,opta:Match:dagcs5ngab0n7x36u19w6oq95,UPCOMING,Played,PRE_MATCH,2015-07-11T23:00:00Z,2015-07-11T19:00:00,+00:00,nwsl::Football_Team::c83f2ca05aa84c738b5373f0d2a31b39,Gotham FC,nwsl::Football_Team::96ba7b37bd8544a1a7329183459150ff,Portland Thorns,,,,,Yurcak Field,"Piscataway, New Jersey",RegularTime,nwsl::Football_Team::c83f2ca05aa84c738b5373f0d2a31b39,nwsl::Football_Stadium::ab5f2ae647ff40f9947264a134b74476,,,,opta:Team:bgkfdckqfqnfbmecbtz03n76d,Gotham FC,GFC,Gotham FC,US,opta:Team:446mp88j1vpk9iwui9fiifrp8,Thorns,POR,Portland Thorns,US
2015,nwsl::Football_Season::6199a51e9a764735b006e19fb7b2fb64,nwsl::Football_Match::04e937055de74349b18a79f1f4420510,opta:Match:dalfu94p4gi9wwk65dwg2ut49,UPCOMING,Played,PRE_MATCH,2015-07-12T02:20:00Z,2015-07-11T19:20:00,+00:00,nwsl::Football_Team::1151140adfc24339ba1c93cb0b6b0238,Seattle Reign,nwsl::Football_Team::f293999870b84052be7faf214317b3e9,Western New York Flash,,,,,UW Medicine Pitch at Memorial Stadium,Seattle,RegularTime,nwsl::Football_Team::1151140adfc24339ba1c93cb0b6b0238,nwsl::Football_Stadium::a0571d5bda6c4d5994f42b7f485fb2ed,,,,opta:Team:bl53jk6zlfe5f583pil7xzwi5,Reign,SEA,Seattle Reign,US,opta:Team:1e01hujrb8e4teqkouqsi6qqc,Flash,WNY,Western New York Flash,US
2015,nwsl::Football_Season::6199a51e9a764735b006e19fb7b2fb64,nwsl::Football_Match::b6da3b45b5844c748a54445f7ecf656f,opta:Match:dap5lu18jrlyws5wpqijsd1ih,UPCOMING,Played,PRE_MATCH,2015-07-13T00:30:00Z,2015-07-12T19:30:00,+00:00,nwsl::Football_Team::ca3f464d6b794a9087d441d75961403f,Houston Dash,nwsl::Football_Team::269e825b853f4b43a9d38390aa92bf6e,Chicago Stars,,,,,Shell Energy Stadium,"Houston, Texas",RegularTime,nwsl::Football_Team::269e825b853f4b43a9d38390aa92bf6e,nwsl::Football_Stadium::8712697de6ee44f1bb0cc9269dde0a6e,,,,opta:Team:c3v2ohfuzoqmc8ljm65hi80sj,Dash,HOU,Houston Dash,US,opta:Team:dzxypx8djih58p668surbi4qm,Chicago Stars,CHI,Chicago Stars,US
2015,nwsl::Football_Season::6199a51e9a764735b006e19fb7b2fb64,nwsl::Football_Match::d14bcc602c18443e91d07e6d50026cdc,opta:Match:db2b0jvzs91j487i4hfwm4g6h,UPCOMING,Played,PRE_MATCH,2015-07-18T23:00:00Z,2015-07-18T19:00:00,+00:00,nwsl::Football_Team::c31d72afc09f42ee86418633aa41390a,Washington Spirit,nwsl::Football_Team::1151140adfc24339ba1c93cb0b6b0238,Seattle Reign,,,,,Maureen Hendricks Field Maryland SoccerPlex,"Boyds, Maryland",RegularTime,nwsl::Football_Team::c31d72afc09f42ee86418633aa41390a,nwsl::Football_Stadium::b78135f77c1146babf872b1649c06252,,,,opta:Team:f1ks82wpiewyqs6h3oz9v4hzj,Spirit,WAS,Washington Spirit,US,opta:Team:bl53jk6zlfe5f583pil7xzwi5,Reign,SEA,Seattle Reign,US
2015,nwsl::Football_Season::6199a51e9a764735b006e19fb7b2fb64,nwsl::Football_Match::56d7c9600ee843b089aff0ac436a3177,opta:Match:db6f7wn97hfaurzj930pisxyh,UPCOMING,Played,PRE_MATCH,2015-07-19T00:00:00Z,2015-07-18T19:00:00,+00:00,nwsl::Football_Team::269e825b853f4b43a9d38390aa92bf6e,Chicago Stars,nwsl::Football_Team::60d7d72f0a134943921fee199cca61a2,Boston Breakers,,,,,Benedictine University Stadium,"Lisle, Illinois",Draw,,nwsl::Football_Stadium::2c8530ddfaf74fb487822bcd526e8a35,,,,opta:Team:dzxypx8djih58p668surbi4qm,Chicago Stars,CHI,Chicago Stars,US,opta:Team:b8b7m094941l37s57ky5qydje,Breakers,BOS,Boston Breakers,US
2015,nwsl::Football_Season::6199a51e9a764735b006e19fb7b2fb64,nwsl::Football_Match::9d31f0e396884c60b9b16639ea73a153,opta:Match:dbajczgwdm8vwwb64zmj6j4rt,UPCOMING,Played,PRE_MATCH,2015-07-19T19:00:00Z,2015-07-19T15:00:00,+00:00,nwsl::Football_Team::f293999870b84052be7faf214317b3e9,Western New York Flash,nwsl::Football_Team::c83f2ca05aa84c738b5373f0d2a31b39,Gotham FC,,,,,Marina Auto Stadium,"Rochester, New York",Draw,,nwsl::Football_Stadium::6df79323a46243d49bb52ec8c6532b44,,,,opta:Team:1e01hujrb8e4teqkouqsi6qqc,Flash,WNY,Western New York Flash,US,opta:Team:bgkfdckqfqnfbmecbtz03n76d,Gotham FC,GFC,Gotham FC,US
2015,nwsl::Football_Season::6199a51e9a764735b006e19fb7b2fb64,nwsl::Football_Match::b45ba9fe547448979d02b1ade856d89b,opta:Match:dawpr9hqwsesb0yovm1e82zmx,UPCOMING,Played,PRE_MATCH,2015-07-21T00:00:00Z,2015-07-20T19:00:00,+00:00,nwsl::Football_Team::73ef53968527477284cdd9823cb9d5b4,FC Kansas City,nwsl::Football_Team::ca3f464d6b794a9087d441d75961403f,Houston Dash,,,,,Children's Mercy Victory Field,"Kansas City, Missouri",Draw,,nwsl::Football_Stadium::6f6515db30994885870cef99493e557a,,,,opta:Team:84o73tduvg052h5xf8fp1kfpe,Kansas,KC,FC Kansas City,US,opta:Team:c3v2ohfuzoqmc8ljm65hi80sj,Dash,HOU,Houston Dash,US
2015,nwsl::Football_Season::6199a51e9a764735b006e19fb7b2fb64,nwsl::Football_Match::17e4ec388a52454bad0ca8a3f56e0b54,opta:Match:dascfrr59ya3o2v5yc4eih2i1,UPCOMING,Played,PRE_MATCH,2015-07-22T23:00:00Z,2015-07-22T19:00:00,+00:00,nwsl::Football_Team::60d7d72f0a134943921fee199cca61a2,Boston Breakers,nwsl::Football_Team::269e825b853f4b43a9d38390aa92bf6e,Chicago Stars,,,,,Jordan Field,"Boston, Massachusetts",RegularTime,nwsl::Football_Team::269e825b853f4b43a9d38390aa92bf6e,nwsl::Football_Stadium::d65fe51cf8e04e7e83c576959210eb78,,,,opta:Team:b8b7m094941l37s57ky5qydje,Breakers,BOS,Boston Breakers,US,opta:Team:dzxypx8djih58p668surbi4qm,Chicago Stars,CHI,Chicago Stars,US
2015,nwsl::Football_Season::6199a51e9a764735b006e19fb7b2fb64,nwsl::Football_Match::2a360078c2d94ca894d5d2fa3609ab17,opta:Match:dbeoa9ah25nb7glg2nkxftnu1,UPCOMING,Played,PRE_MATCH,2015-07-23T02:00:00Z,2015-07-22T19:00:00,+00:00,nwsl::Football_Team::96ba7b37bd8544a1a7329183459150ff,Portland Thorns,nwsl::Football_Team::1151140adfc24339ba1c93cb0b6b0238,Seattle Reign,,,,,Providence Park,"Portland, Oregon",RegularTime,nwsl::Football_Team::1151140adfc24339ba1c93cb0b6b0238,nwsl::Football_Stadium::f1f5cb502e8743f6b186bb5bd7022807,,,,opta:Team:446mp88j1vpk9iwui9fiifrp8,Thorns,POR,Portland Thorns,US,opta:Team:bl53jk6zlfe5f583pil7xzwi5,Reign,SEA,Seattle Reign,US
2015,nwsl::Football_Season::6199a51e9a764735b006e19fb7b2fb64,nwsl::Football_Match::c0224d970fa04c9dbfa26f2af3822808,opta:Match:dbucc81upfb16yo7gmwfnwgyx,UPCOMING,Played,PRE_MATCH,2015-07-25T23:00:00Z,2015-07-25T19:00:00,+00:00,nwsl::Football_Team::c83f2ca05aa84c738b5373f0d2a31b39,Gotham FC,nwsl::Football_Team::60d7d72f0a134943921fee199cca61a2,Boston Breakers,,,,,Yurcak Field,"Piscataway, New Jersey",RegularTime,nwsl::Football_Team::c83f2ca05aa84c738b5373f0d2a31b39,nwsl::Football_Stadium::ab5f2ae647ff40f9947264a134b74476,,,,opta:Team:bgkfdckqfqnfbmecbtz03n76d,Gotham FC,GFC,Gotham FC,US,opta:Team:b8b7m094941l37s57ky5qydje,Breakers,BOS,Boston Breakers,US
2015,nwsl::Football_Season::6199a51e9a764735b006e19fb7b2fb64,nwsl::Football_Match::7d6b31e03c52456fa187e2f1af27073b,opta:Match:dbnna2bwzabnpz3snq10ehb6x,UPCOMING,Played,PRE_MATCH,2015-07-25T23:00:00Z,2015-07-25T19:00:00,+00:00,nwsl::Football_Team::f293999870b84052be7faf214317b3e9,Western New York Flash,nwsl::Football_Team::ca3f464d6b794a9087d441d75961403f,Houston Dash,,,,,Marina Auto Stadium,"Rochester, New York",RegularTime,nwsl::Football_Team::ca3f464d6b794a9087d441d75961403f,nwsl::Football_Stadium::6df79323a46243d49bb52ec8c6532b44,,,,opta:Team:1e01hujrb8e4teqkouqsi6qqc,Flash,WNY,Western New York Flash,US,opta:Team:c3v2ohfuzoqmc8ljm65hi80sj,Dash,HOU,Houston Dash,US
2015,nwsl::Football_Season::6199a51e9a764735b006e19fb7b2fb64,nwsl::Football_Match::9241cbf4fa48465184fa4ec347b25d6e,opta:Match:dbitqa7o7x0fj286upajdrch5,UPCOMING,Played,PRE_MATCH,2015-07-25T23:00:00Z,2015-07-25T19:00:00,+00:00,nwsl::Football_Team::c31d72afc09f42ee86418633aa41390a,Washington Spirit,nwsl::Football_Team::269e825b853f4b43a9d38390aa92bf6e,Chicago Stars,,,,,Maureen Hendricks Field Maryland SoccerPlex,"Boyds, Maryland",Draw,,nwsl::Football_Stadium::b78135f77c1146babf872b1649c06252,,,,opta:Team:f1ks82wpiewyqs6h3oz9v4hzj,Spirit,WAS,Washington Spirit,US,opta:Team:dzxypx8djih58p668surbi4qm,Chicago Stars,CHI,Chicago Stars,US
2015,nwsl::Football_Season::6199a51e9a764735b006e19fb7b2fb64,nwsl::Football_Match::72eafeea673d406bb29b9173f7d8752c,opta:Match:dbx6egmo2cxnhx5p1yow3wqg9,UPCOMING,Played,PRE_MATCH,2015-07-26T23:00:00Z,2015-07-26T16:00:00,+00:00,nwsl::Football_Team::1151140adfc24339ba1c93cb0b6b0238,Seattle Reign,nwsl::Football_Team::96ba7b37bd8544a1a7329183459150ff,Portland Thorns,,,,,UW Medicine Pitch at Memorial Stadium,Seattle,RegularTime,nwsl::Football_Team::1151140adfc24339ba1c93cb0b6b0238,nwsl::Football_Stadium::a0571d5bda6c4d5994f42b7f485fb2ed,,,,opta:Team:bl53jk6zlfe5f583pil7xzwi5,Reign,SEA,Seattle Reign,US,opta:Team:446mp88j1vpk9iwui9fiifrp8,Thorns,POR,Portland Thorns,US
2015,nwsl::Football_Season::6199a51e9a764735b006e19fb7b2fb64,nwsl::Football_Match::927b841568a34c69bf344e3ec3d5058a,opta:Match:dc1ssxyfqbtqnsrmbwbwfv015,UPCOMING,Played,PRE_MATCH,2015-07-29T23:00:00Z,2015-07-29T19:00:00,+00:00,nwsl::Football_Team::f293999870b84052be7faf214317b3e9,Western New York Flash,nwsl::Football_Team::96ba7b37bd8544a1a7329183459150ff,Portland Thorns,,,,,Marina Auto Stadium,"Rochester, New York",RegularTime,nwsl::Football_Team::96ba7b37bd8544a1a7329183459150ff,nwsl::Football_Stadium::6df79323a46243d49bb52ec8c6532b44,,,,opta:Team:1e01hujrb8e4teqkouqsi6qqc,Flash,WNY,Western New York Flash,US,opta:Team:446mp88j1vpk9iwui9fiifrp8,Thorns,POR,Portland Thorns,US
2015,nwsl::Football_Season::6199a51e9a764735b006e19fb7b2fb64,nwsl::Football_Match::5840fb2c67a44a6e956ad74c38eedd7b,opta:Match:dc6874d2b6n7ygjbprozj1i3t,UPCOMING,Played,PRE_MATCH,2015-07-30T00:30:00Z,2015-07-29T19:30:00,+00:00,nwsl::Football_Team::ca3f464d6b794a9087d441d75961403f,Houston Dash,nwsl::Football_Team::73ef53968527477284cdd9823cb9d5b4,FC Kansas City,,,,,Shell Energy Stadium,"Houston, Texas",RegularTime,nwsl::Football_Team::ca3f464d6b794a9087d441d75961403f,nwsl::Football_Stadium::8712697de6ee44f1bb0cc9269dde0a6e,,,,opta:Team:c3v2ohfuzoqmc8ljm65hi80sj,Dash,HOU,Houston Dash,US,opta:Team:84o73tduvg052h5xf8fp1kfpe,Kansas,KC,FC Kansas City,US
2015,nwsl::Football_Season::6199a51e9a764735b006e19fb7b2fb64,nwsl::Football_Match::748ba084f21d4e67b80bf20557a7b8e9,opta:Match:dc8zujxlmgeijajjdn1tfw4bt,UPCOMING,Played,PRE_MATCH,2015-08-01T20:00:00Z,2015-08-01T16:00:00,+00:00,nwsl::Football_Team::60d7d72f0a134943921fee199cca61a2,Boston Breakers,nwsl::Football_Team::1151140adfc24339ba1c93cb0b6b0238,Seattle Reign,,,,,Jordan Field,"Boston, Massachusetts",RegularTime,nwsl::Football_Team::1151140adfc24339ba1c93cb0b6b0238,nwsl::Football_Stadium::d65fe51cf8e04e7e83c576959210eb78,,,,opta:Team:b8b7m094941l37s57ky5qydje,Breakers,BOS,Boston Breakers,US,opta:Team:bl53jk6zlfe5f583pil7xzwi5,Reign,SEA,Seattle Reign,US
2015,nwsl::Football_Season::6199a51e9a764735b006e19fb7b2fb64,nwsl::Football_Match::340e917ca2e742e49a030f46e05b1dd9,opta:Match:dceraitv4z77adgqejph5zlk9,UPCOMING,Played,PRE_MATCH,2015-08-01T23:00:00Z,2015-08-01T19:00:00,+00:00,nwsl::Football_Team::c83f2ca05aa84c738b5373f0d2a31b39,Gotham FC,nwsl::Football_Team::f293999870b84052be7faf214317b3e9,Western New York Flash,,,,,Yurcak Field,"Piscataway, New Jersey",RegularTime,nwsl::Football_Team::f293999870b84052be7faf214317b3e9,nwsl::Football_Stadium::ab5f2ae647ff40f9947264a134b74476,,,,opta:Team:bgkfdckqfqnfbmecbtz03n76d,Gotham FC,GFC,Gotham FC,US,opta:Team:1e01hujrb8e4teqkouqsi6qqc,Flash,WNY,Western New York Flash,US
2015,nwsl::Football_Season::6199a51e9a764735b006e19fb7b2fb64,nwsl::Football_Match::bed6a8cf9bd04e388b1c374a736ce334,opta:Match:dcboz39rgu7edzap9t3o3xp7t,UPCOMING,Played,PRE_MATCH,2015-08-01T23:00:00Z,2015-08-01T19:00:00,+00:00,nwsl::Football_Team::c31d72afc09f42ee86418633aa41390a,Washington Spirit,nwsl::Football_Team::ca3f464d6b794a9087d441d75961403f,Houston Dash,,,,,Maureen Hendricks Field Maryland SoccerPlex,"Boyds, Maryland",RegularTime,nwsl::Football_Team::c31d72afc09f42ee86418633aa41390a,nwsl::Football_Stadium::b78135f77c1146babf872b1649c06252,,,,opta:Team:f1ks82wpiewyqs6h3oz9v4hzj,Spirit,WAS,Washington Spirit,US,opta:Team:c3v2ohfuzoqmc8ljm65hi80sj,Dash,HOU,Houston Dash,US
2015,nwsl::Football_Season::6199a51e9a764735b006e19fb7b2fb64,nwsl::Football_Match::0514df23e04442e5b7ace7e32b228bf4,opta:Match:dci23ut2ubeftyxt6inp48qnd,UPCOMING,Played,PRE_MATCH,2015-08-02T00:00:00Z,2015-08-01T19:00:00,+00:00,nwsl::Football_Team::269e825b853f4b43a9d38390aa92bf6e,Chicago Stars,nwsl::Football_Team::73ef53968527477284cdd9823cb9d5b4,FC Kansas City,,,,,Benedictine University Stadium,"Lisle, Illinois",Draw,,nwsl::Football_Stadium::2c8530ddfaf74fb487822bcd526e8a35,,,,opta:Team:dzxypx8djih58p668surbi4qm,Chicago Stars,CHI,Chicago Stars,US,opta:Team:84o73tduvg052h5xf8fp1kfpe,Kansas,KC,FC Kansas City,US
2015,nwsl::Football_Season::6199a51e9a764735b006e19fb7b2fb64,nwsl::Football_Match::e518a89d8edf4d0d9e27cd1391830b7f,opta:Match:dcnnunpk43yqjcm9e884tit49,UPCOMING,Played,PRE_MATCH,2015-08-06T02:00:00Z,2015-08-05T19:00:00,+00:00,nwsl::Football_Team::96ba7b37bd8544a1a7329183459150ff,Portland Thorns,nwsl::Football_Team::60d7d72f0a134943921fee199cca61a2,Boston Breakers,,,,,Providence Park,"Portland, Oregon",RegularTime,nwsl::Football_Team::96ba7b37bd8544a1a7329183459150ff,nwsl::Football_Stadium::f1f5cb502e8743f6b186bb5bd7022807,,,,opta:Team:446mp88j1vpk9iwui9fiifrp8,Thorns,POR,Portland Thorns,US,opta:Team:b8b7m094941l37s57ky5qydje,Breakers,BOS,Boston Breakers,US
2015,nwsl::Football_Season::6199a51e9a764735b006e19fb7b2fb64,nwsl::Football_Match::db943b0aa6bb419697e847d6e84987fb,opta:Match:dcsb2u8b2mlpcpeuw1qcowctl,UPCOMING,Played,PRE_MATCH,2015-08-08T00:35:00Z,2015-08-07T19:35:00,+00:00,nwsl::Football_Team::ca3f464d6b794a9087d441d75961403f,Houston Dash,nwsl::Football_Team::c83f2ca05aa84c738b5373f0d2a31b39,Gotham FC,,,,,Shell Energy Stadium,"Houston, Texas",RegularTime,nwsl::Football_Team::c83f2ca05aa84c738b5373f0d2a31b39,nwsl::Football_Stadium::8712697de6ee44f1bb0cc9269dde0a6e,,,,opta:Team:c3v2ohfuzoqmc8ljm65hi80sj,Dash,HOU,Houston Dash,US,opta:Team:bgkfdckqfqnfbmecbtz03n76d,Gotham FC,GFC,Gotham FC,US
2015,nwsl::Football_Season::6199a51e9a764735b006e19fb7b2fb64,nwsl::Football_Match::4d5b4cc70c2e4958b4a5ac24d3d578de,opta:Match:dcxmwry77wkgcw6ro5rburv8p,UPCOMING,Played,PRE_MATCH,2015-08-08T23:00:00Z,2015-08-08T19:00:00,+00:00,nwsl::Football_Team::60d7d72f0a134943921fee199cca61a2,Boston Breakers,nwsl::Football_Team::c31d72afc09f42ee86418633aa41390a,Washington Spirit,,,,,Jordan Field,"Boston, Massachusetts",RegularTime,nwsl::Football_Team::60d7d72f0a134943921fee199cca61a2,nwsl::Football_Stadium::d65fe51cf8e04e7e83c576959210eb78,,,,opta:Team:b8b7m094941l37s57ky5qydje,Breakers,BOS,Boston Breakers,US,opta:Team:f1ks82wpiewyqs6h3oz9v4hzj,Spirit,WAS,Washington Spirit,US
2015,nwsl::Football_Season::6199a51e9a764735b006e19fb7b2fb64,nwsl::Football_Match::7cf467588dab49858214e014355d8792,opta:Match:dd1ywhpv4jqdapcc0dgs6jaax,UPCOMING,Played,PRE_MATCH,2015-08-09T00:00:00Z,2015-08-08T19:00:00,+00:00,nwsl::Football_Team::73ef53968527477284cdd9823cb9d5b4,FC Kansas City,nwsl::Football_Team::f293999870b84052be7faf214317b3e9,Western New York Flash,,,,,Children's Mercy Victory Field,"Kansas City, Missouri",RegularTime,nwsl::Football_Team::73ef53968527477284cdd9823cb9d5b4,nwsl::Football_Stadium::6f6515db30994885870cef99493e557a,,,,opta:Team:84o73tduvg052h5xf8fp1kfpe,Kansas,KC,FC Kansas City,US,opta:Team:1e01hujrb8e4teqkouqsi6qqc,Flash,WNY,Western New York Flash,US
2015,nwsl::Football_Season::6199a51e9a764735b006e19fb7b2fb64,nwsl::Football_Match::0924dc0ebb4f405eba32704366b42435,opta:Match:dd710wem79n34u1i0sgkkk355,UPCOMING,Played,PRE_MATCH,2015-08-10T01:30:00Z,2015-08-09T18:30:00,+00:00,nwsl::Football_Team::96ba7b37bd8544a1a7329183459150ff,Portland Thorns,nwsl::Football_Team::269e825b853f4b43a9d38390aa92bf6e,Chicago Stars,,,,,Providence Park,"Portland, Oregon",RegularTime,nwsl::Football_Team::96ba7b37bd8544a1a7329183459150ff,nwsl::Football_Stadium::f1f5cb502e8743f6b186bb5bd7022807,,,,opta:Team:446mp88j1vpk9iwui9fiifrp8,Thorns,POR,Portland Thorns,US,opta:Team:dzxypx8djih58p668surbi4qm,Chicago Stars,CHI,Chicago Stars,US
2015,nwsl::Football_Season::6199a51e9a764735b006e19fb7b2fb64,nwsl::Football_Match::2a3eb2eed25e41f0ba258e3588a421b5,opta:Match:ddad76tcg2t5c5yvn0k7himsp,UPCOMING,Played,PRE_MATCH,2015-08-12T18:00:00Z,2015-08-12T13:00:00,+00:00,nwsl::Football_Team::269e825b853f4b43a9d38390aa92bf6e,Chicago Stars,nwsl::Football_Team::c83f2ca05aa84c738b5373f0d2a31b39,Gotham FC,,,,,Benedictine University Stadium,"Lisle, Illinois",Draw,,nwsl::Football_Stadium::2c8530ddfaf74fb487822bcd526e8a35,,,,opta:Team:dzxypx8djih58p668surbi4qm,Chicago Stars,CHI,Chicago Stars,US,opta:Team:bgkfdckqfqnfbmecbtz03n76d,Gotham FC,GFC,Gotham FC,US
2015,nwsl::Football_Season::6199a51e9a764735b006e19fb7b2fb64,nwsl::Football_Match::2554007417ce43cc978578da51c21341,opta:Match:ddfekz1pl3xv1rvdjzftafn55,UPCOMING,Played,PRE_MATCH,2015-08-12T23:00:00Z,2015-08-12T19:00:00,+00:00,nwsl::Football_Team::c31d72afc09f42ee86418633aa41390a,Washington Spirit,nwsl::Football_Team::f293999870b84052be7faf214317b3e9,Western New York Flash,,,,,Maureen Hendricks Field Maryland SoccerPlex,"Boyds, Maryland",Draw,,nwsl::Football_Stadium::b78135f77c1146babf872b1649c06252,,,,opta:Team:f1ks82wpiewyqs6h3oz9v4hzj,Spirit,WAS,Washington Spirit,US,opta:Team:1e01hujrb8e4teqkouqsi6qqc,Flash,WNY,Western New York Flash,US
2015,nwsl::Football_Season::6199a51e9a764735b006e19fb7b2fb64,nwsl::Football_Match::1f591de97c344efc8a8e0062a608bdd7,opta:Match:ddizsnfnnj1y2zfxrdpdf05wp,UPCOMING,Played,PRE_MATCH,2015-08-13T00:00:00Z,2015-08-12T19:00:00,+00:00,nwsl::Football_Team::73ef53968527477284cdd9823cb9d5b4,FC Kansas City,nwsl::Football_Team::96ba7b37bd8544a1a7329183459150ff,Portland Thorns,,,,,Children's Mercy Victory Field,"Kansas City, Missouri",RegularTime,nwsl::Football_Team::73ef53968527477284cdd9823cb9d5b4,nwsl::Football_Stadium::6f6515db30994885870cef99493e557a,,,,opta:Team:84o73tduvg052h5xf8fp1kfpe,Kansas,KC,FC Kansas City,US,opta:Team:446mp88j1vpk9iwui9fiifrp8,Thorns,POR,Portland Thorns,US
2015,nwsl::Football_Season::6199a51e9a764735b006e19fb7b2fb64,nwsl::Football_Match::5778df2d5aa8475193ea586fa3d6b77c,opta:Match:ddomwgwgqem5mcz6fp2mvja3t,UPCOMING,Played,PRE_MATCH,2015-08-13T02:00:00Z,2015-08-12T19:00:00,+00:00,nwsl::Football_Team::1151140adfc24339ba1c93cb0b6b0238,Seattle Reign,nwsl::Football_Team::ca3f464d6b794a9087d441d75961403f,Houston Dash,,,,,UW Medicine Pitch at Memorial Stadium,Seattle,RegularTime,nwsl::Football_Team::1151140adfc24339ba1c93cb0b6b0238,nwsl::Football_Stadium::a0571d5bda6c4d5994f42b7f485fb2ed,,,,opta:Team:bl53jk6zlfe5f583pil7xzwi5,Reign,SEA,Seattle Reign,US,opta:Team:c3v2ohfuzoqmc8ljm65hi80sj,Dash,HOU,Houston Dash,US
2015,nwsl::Football_Season::6199a51e9a764735b006e19fb7b2fb64,nwsl::Football_Match::ed3c80d08bd547f69d117dca1419255a,opta:Match:d7043jb30ee9t3swzct416l0p,UPCOMING,Played,PRE_MATCH,2015-08-17T00:30:00Z,2015-08-16T19:30:00,+00:00,nwsl::Football_Team::269e825b853f4b43a9d38390aa92bf6e,Chicago Stars,nwsl::Football_Team::c31d72afc09f42ee86418633aa41390a,Washington Spirit,,,,,Benedictine University Stadium,"Lisle, Illinois",RegularTime,nwsl::Football_Team::c31d72afc09f42ee86418633aa41390a,nwsl::Football_Stadium::2c8530ddfaf74fb487822bcd526e8a35,,,,opta:Team:dzxypx8djih58p668surbi4qm,Chicago Stars,CHI,Chicago Stars,US,opta:Team:f1ks82wpiewyqs6h3oz9v4hzj,Spirit,WAS,Washington Spirit,US
2015,nwsl::Football_Season::6199a51e9a764735b006e19fb7b2fb64,nwsl::Football_Match::fd15b513854c41898458622207f0c5df,opta:Match:ddzz3nf0oqtp4zdwcash58zxl,UPCOMING,Played,PRE_MATCH,2015-08-22T01:10:00Z,2015-08-21T20:10:00,+00:00,nwsl::Football_Team::ca3f464d6b794a9087d441d75961403f,Houston Dash,nwsl::Football_Team::1151140adfc24339ba1c93cb0b6b0238,Seattle Reign,,,,,Shell Energy Stadium,"Houston, Texas",RegularTime,nwsl::Football_Team::1151140adfc24339ba1c93cb0b6b0238,nwsl::Football_Stadium::8712697de6ee44f1bb0cc9269dde0a6e,,,,opta:Team:c3v2ohfuzoqmc8ljm65hi80sj,Dash,HOU,Houston Dash,US,opta:Team:bl53jk6zlfe5f583pil7xzwi5,Reign,SEA,Seattle Reign,US
2015,nwsl::Football_Season::6199a51e9a764735b006e19fb7b2fb64,nwsl::Football_Match::5a935cdb5dd14aa686b270745b2b165b,opta:Match:ddsl2z43se7gj4ola1dx9uns9,UPCOMING,Played,PRE_MATCH,2015-08-22T23:00:00Z,2015-08-22T19:00:00,+00:00,nwsl::Football_Team::c83f2ca05aa84c738b5373f0d2a31b39,Gotham FC,nwsl::Football_Team::96ba7b37bd8544a1a7329183459150ff,Portland Thorns,,,,,Yurcak Field,"Piscataway, New Jersey",RegularTime,nwsl::Football_Team::c83f2ca05aa84c738b5373f0d2a31b39,nwsl::Football_Stadium::ab5f2ae647ff40f9947264a134b74476,,,,opta:Team:bgkfdckqfqnfbmecbtz03n76d,Gotham FC,GFC,Gotham FC,US,opta:Team:446mp88j1vpk9iwui9fiifrp8,Thorns,POR,Portland Thorns,US
2015,nwsl::Football_Season::6199a51e9a764735b006e19fb7b2fb64,nwsl::Football_Match::1c1c56ef52f1491e9ff1e9bab8011eca,opta:Match:ddvenh2sqgzla47dqsjhsjo4p,UPCOMING,Played,PRE_MATCH,2015-08-23T00:00:00Z,2015-08-22T19:00:00,+00:00,nwsl::Football_Team::73ef53968527477284cdd9823cb9d5b4,FC Kansas City,nwsl::Football_Team::60d7d72f0a134943921fee199cca61a2,Boston Breakers,,,,,Children's Mercy Victory Field,"Kansas City, Missouri",RegularTime,nwsl::Football_Team::73ef53968527477284cdd9823cb9d5b4,nwsl::Football_Stadium::6f6515db30994885870cef99493e557a,,,,opta:Team:84o73tduvg052h5xf8fp1kfpe,Kansas,KC,FC Kansas City,US,opta:Team:b8b7m094941l37s57ky5qydje,Breakers,BOS,Boston Breakers,US
2015,nwsl::Football_Season::6199a51e9a764735b006e19fb7b2fb64,nwsl::Football_Match::e91d2373e2d340a3bed3336f5be437c0,opta:Match:de302pgdfly5301mimmalxzvt,UPCOMING,Played,PRE_MATCH,2015-08-23T21:00:00Z,2015-08-23T16:00:00,+00:00,nwsl::Football_Team::269e825b853f4b43a9d38390aa92bf6e,Chicago Stars,nwsl::Football_Team::f293999870b84052be7faf214317b3e9,Western New York Flash,,,,,Benedictine University Stadium,"Lisle, Illinois",Draw,,nwsl::Football_Stadium::2c8530ddfaf74fb487822bcd526e8a35,,,,opta:Team:dzxypx8djih58p668surbi4qm,Chicago Stars,CHI,Chicago Stars,US,opta:Team:1e01hujrb8e4teqkouqsi6qqc,Flash,WNY,Western New York Flash,US
2015,nwsl::Football_Season::6199a51e9a764735b006e19fb7b2fb64,nwsl::Football_Match::f61d854cb3524688b87891fff033f551,opta:Match:de5y0etskfax554a6mmz3x0q1,UPCOMING,Played,PRE_MATCH,2015-08-27T02:00:00Z,2015-08-26T19:00:00,+00:00,nwsl::Football_Team::1151140adfc24339ba1c93cb0b6b0238,Seattle Reign,nwsl::Football_Team::60d7d72f0a134943921fee199cca61a2,Boston Breakers,,,,,UW Medicine Pitch at Memorial Stadium,Seattle,RegularTime,nwsl::Football_Team::1151140adfc24339ba1c93cb0b6b0238,nwsl::Football_Stadium::a0571d5bda6c4d5994f42b7f485fb2ed,,,,opta:Team:bl53jk6zlfe5f583pil7xzwi5,Reign,SEA,Seattle Reign,US,opta:Team:b8b7m094941l37s57ky5qydje,Breakers,BOS,Boston Breakers,US
2015,nwsl::Football_Season::6199a51e9a764735b006e19fb7b2fb64,nwsl::Football_Match::9ad1b6bd6a984368944af50be3478428,opta:Match:de8f6ofat33yybvb9jq3wh8fd,UPCOMING,Played,PRE_MATCH,2015-08-28T00:00:00Z,2015-08-27T19:00:00,+00:00,nwsl::Football_Team::73ef53968527477284cdd9823cb9d5b4,FC Kansas City,nwsl::Football_Team::c31d72afc09f42ee86418633aa41390a,Washington Spirit,,,,,Children's Mercy Victory Field,"Kansas City, Missouri",Draw,,nwsl::Football_Stadium::6f6515db30994885870cef99493e557a,,,,opta:Team:84o73tduvg052h5xf8fp1kfpe,Kansas,KC,FC Kansas City,US,opta:Team:f1ks82wpiewyqs6h3oz9v4hzj,Spirit,WAS,Washington Spirit,US
2015,nwsl::Football_Season::6199a51e9a764735b006e19fb7b2fb64,nwsl::Football_Match::ad03933afc52451aaaa7238bda81a1c0,opta:Match:decreq6v964hcgm3hyv4wyi95,UPCOMING,Played,PRE_MATCH,2015-08-29T23:00:00Z,2015-08-29T19:00:00,+00:00,nwsl::Football_Team::f293999870b84052be7faf214317b3e9,Western New York Flash,nwsl::Football_Team::269e825b853f4b43a9d38390aa92bf6e,Chicago Stars,,,,,Marina Auto Stadium,"Rochester, New York",RegularTime,nwsl::Football_Team::269e825b853f4b43a9d38390aa92bf6e,nwsl::Football_Stadium::6df79323a46243d49bb52ec8c6532b44,,,,opta:Team:1e01hujrb8e4teqkouqsi6qqc,Flash,WNY,Western New York Flash,US,opta:Team:dzxypx8djih58p668surbi4qm,Chicago Stars,CHI,Chicago Stars,US
2015,nwsl::Football_Season::6199a51e9a764735b006e19fb7b2fb64,nwsl::Football_Match::39bafada5f1647ac8c59989b20144602,opta:Match:dehng368k1ireit33agv6dfc9,UPCOMING,Played,PRE_MATCH,2015-08-30T02:00:00Z,2015-08-29T19:00:00,+00:00,nwsl::Football_Team::1151140adfc24339ba1c93cb0b6b0238,Seattle Reign,nwsl::Football_Team::c83f2ca05aa84c738b5373f0d2a31b39,Gotham FC,,,,,UW Medicine Pitch at Memorial Stadium,Seattle,Draw,,nwsl::Football_Stadium::a0571d5bda6c4d5994f42b7f485fb2ed,,,,opta:Team:bl53jk6zlfe5f583pil7xzwi5,Reign,SEA,Seattle Reign,US,opta:Team:bgkfdckqfqnfbmecbtz03n76d,Gotham FC,GFC,Gotham FC,US
2015,nwsl::Football_Season::6199a51e9a764735b006e19fb7b2fb64,nwsl::Football_Match::4c30ad6cdaea4da2af8d0e526fc34137,opta:Match:demhwvbxzcgofnsfedajawt0p,UPCOMING,Played,PRE_MATCH,2015-08-31T00:30:00Z,2015-08-30T19:30:00,+00:00,nwsl::Football_Team::ca3f464d6b794a9087d441d75961403f,Houston Dash,nwsl::Football_Team::60d7d72f0a134943921fee199cca61a2,Boston Breakers,,,,,Shell Energy Stadium,"Houston, Texas",RegularTime,nwsl::Football_Team::ca3f464d6b794a9087d441d75961403f,nwsl::Football_Stadium::8712697de6ee44f1bb0cc9269dde0a6e,,,,opta:Team:c3v2ohfuzoqmc8ljm65hi80sj,Dash,HOU,Houston Dash,US,opta:Team:b8b7m094941l37s57ky5qydje,Breakers,BOS,Boston Breakers,US
2015,nwsl::Football_Season::6199a51e9a764735b006e19fb7b2fb64,nwsl::Football_Match::9f69c54b286f4330a06ea59cdf0ea75a,opta:Match:deqslwte4ktnwshjauvw6z36x,UPCOMING,Played,PRE_MATCH,2015-08-31T01:30:00Z,2015-08-30T18:30:00,+00:00,nwsl::Football_Team::96ba7b37bd8544a1a7329183459150ff,Portland Thorns,nwsl::Football_Team::c31d72afc09f42ee86418633aa41390a,Washington Spirit,,,,,Providence Park,"Portland, Oregon",Draw,,nwsl::Football_Stadium::f1f5cb502e8743f6b186bb5bd7022807,,,,opta:Team:446mp88j1vpk9iwui9fiifrp8,Thorns,POR,Portland Thorns,US,opta:Team:f1ks82wpiewyqs6h3oz9v4hzj,Spirit,WAS,Washington Spirit,US
2015,nwsl::Football_Season::6199a51e9a764735b006e19fb7b2fb64,nwsl::Football_Match::096bd49c3cdc4cf1a16ea9a37a399bdf,opta:Match:dfayzo0fm8k9lr0sb2ce8ivop,UPCOMING,Played,PRE_MATCH,2015-09-02T23:00:00Z,2015-09-02T19:00:00,+00:00,nwsl::Football_Team::c83f2ca05aa84c738b5373f0d2a31b39,Gotham FC,nwsl::Football_Team::73ef53968527477284cdd9823cb9d5b4,FC Kansas City,,,,,Yurcak Field,"Piscataway, New Jersey",RegularTime,nwsl::Football_Team::73ef53968527477284cdd9823cb9d5b4,nwsl::Football_Stadium::ab5f2ae647ff40f9947264a134b74476,,,,opta:Team:bgkfdckqfqnfbmecbtz03n76d,Gotham FC,GFC,Gotham FC,US,opta:Team:84o73tduvg052h5xf8fp1kfpe,Kansas,KC,FC Kansas City,US
2015,nwsl::Football_Season::6199a51e9a764735b006e19fb7b2fb64,nwsl::Football_Match::cc80cdce642448aca1c9e3b68ca5cd88,opta:Match:devojwe3qj3mkla2nzhjjcauh,UPCOMING,Played,PRE_MATCH,2015-09-04T23:00:00Z,2015-09-04T19:00:00,+00:00,nwsl::Football_Team::f293999870b84052be7faf214317b3e9,Western New York Flash,nwsl::Football_Team::96ba7b37bd8544a1a7329183459150ff,Portland Thorns,,,,,Marina Auto Stadium,"Rochester, New York",RegularTime,nwsl::Football_Team::f293999870b84052be7faf214317b3e9,nwsl::Football_Stadium::6df79323a46243d49bb52ec8c6532b44,,,,opta:Team:1e01hujrb8e4teqkouqsi6qqc,Flash,WNY,Western New York Flash,US,opta:Team:446mp88j1vpk9iwui9fiifrp8,Thorns,POR,Portland Thorns,US
2015,nwsl::Football_Season::6199a51e9a764735b006e19fb7b2fb64,nwsl::Football_Match::34983502b914417692b1e032bb758a89,opta:Match:df0mwm78jnep8dj1upods5mg9,UPCOMING,Played,PRE_MATCH,2015-09-05T23:00:00Z,2015-09-05T19:00:00,+00:00,nwsl::Football_Team::c31d72afc09f42ee86418633aa41390a,Washington Spirit,nwsl::Football_Team::1151140adfc24339ba1c93cb0b6b0238,Seattle Reign,,,,,Maureen Hendricks Field Maryland SoccerPlex,"Boyds, Maryland",RegularTime,nwsl::Football_Team::1151140adfc24339ba1c93cb0b6b0238,nwsl::Football_Stadium::b78135f77c1146babf872b1649c06252,,,,opta:Team:f1ks82wpiewyqs6h3oz9v4hzj,Spirit,WAS,Washington Spirit,US,opta:Team:bl53jk6zlfe5f583pil7xzwi5,Reign,SEA,Seattle Reign,US
2015,nwsl::Football_Season::6199a51e9a764735b006e19fb7b2fb64,nwsl::Football_Match::09a8f2d6556548b5ab9433b46a05af30,opta:Match:df5pkmacw2wrkgafq3ntikijt,UPCOMING,Played,PRE_MATCH,2015-09-06T21:00:00Z,2015-09-06T16:00:00,+00:00,nwsl::Football_Team::269e825b853f4b43a9d38390aa92bf6e,Chicago Stars,nwsl::Football_Team::ca3f464d6b794a9087d441d75961403f,Houston Dash,,,,,Benedictine University Stadium,"Lisle, Illinois",Draw,,nwsl::Football_Stadium::2c8530ddfaf74fb487822bcd526e8a35,,,,opta:Team:dzxypx8djih58p668surbi4qm,Chicago Stars,CHI,Chicago Stars,US,opta:Team:c3v2ohfuzoqmc8ljm65hi80sj,Dash,HOU,Houston Dash,US
2015,nwsl::Football_Season::6199a51e9a764735b006e19fb7b2fb64,nwsl::Football_Match::9d9e4ab4cf084f07b156238f75a920a2,opta:Match:1n48u34d4sbp49yei83l6zi7d,UPCOMING,Played,PRE_MATCH,2015-09-13T17:30:00Z,2015-09-13T12:30:00,+00:00,nwsl::Football_Team::269e825b853f4b43a9d38390aa92bf6e,Chicago Stars,nwsl::Football_Team::73ef53968527477284cdd9823cb9d5b4,FC Kansas City,,,,,SeatGeek Stadium,"Bridgeview, Illinois",RegularTime,nwsl::Football_Team::73ef53968527477284cdd9823cb9d5b4,nwsl::Football_Stadium::a70355edf48b469f8e25dcc722030c4b,,,,opta:Team:dzxypx8djih58p668surbi4qm,Chicago Stars,CHI,Chicago Stars,US,opta:Team:84o73tduvg052h5xf8fp1kfpe,Kansas,KC,FC Kansas City,US
2015,nwsl::Football_Season::6199a51e9a764735b006e19fb7b2fb64,nwsl::Football_Match::e4fa0471730d4e65aa4411a2dd4ef145,opta:Match:1n6tx2bjr6hrc4qvp72koyzmx,UPCOMING,Played,PRE_MATCH,2015-09-14T01:30:00Z,2015-09-13T18:30:00,+00:00,nwsl::Football_Team::1151140adfc24339ba1c93cb0b6b0238,Seattle Reign,nwsl::Football_Team::c31d72afc09f42ee86418633aa41390a,Washington Spirit,,,,,UW Medicine Pitch at Memorial Stadium,Seattle,RegularTime,nwsl::Football_Team::1151140adfc24339ba1c93cb0b6b0238,nwsl::Football_Stadium::a0571d5bda6c4d5994f42b7f485fb2ed,,,,opta:Team:bl53jk6zlfe5f583pil7xzwi5,Reign,SEA,Seattle Reign,US,opta:Team:f1ks82wpiewyqs6h3oz9v4hzj,Spirit,WAS,Washington Spirit,US
2015,nwsl::Football_Season::6199a51e9a764735b006e19fb7b2fb64,nwsl::Football_Match::dc2a95eb95894f239989c41a093bb061,opta:Match:2lndv5czawyccz7amrb2ofa3t,UPCOMING,Played,PRE_MATCH,2015-10-02T01:40:00Z,2015-10-01T18:40:00,+00:00,nwsl::Football_Team::73ef53968527477284cdd9823cb9d5b4,FC Kansas City,nwsl::Football_Team::1151140adfc24339ba1c93cb0b6b0238,Seattle Reign,,,,,Providence Park,"Portland, Oregon",RegularTime,nwsl::Football_Team::73ef53968527477284cdd9823cb9d5b4,nwsl::Football_Stadium::f1f5cb502e8743f6b186bb5bd7022807,,,,opta:Team:84o73tduvg052h5xf8fp1kfpe,Kansas,KC,FC Kansas City,US,opta:Team:bl53jk6zlfe5f583pil7xzwi5,Reign,SEA,Seattle Reign,US
